SOROS FUND MANAGEMENT LLC,PAULSON & CO.INC. ,TIGER GLOBAL MANAGEMENT LLC,BERKSHIRE HATHAWAY INC
-0.001265507519080944,-0.004980519330323507,-0.0004955323147710633,-0.006568669777734182
0.002229912547255797,0.0032412804609494032,-0.002533976773233637,0.004213019161491749
0.0040160016412460475,0.004076052738837932,0.002354656751653028,0.006726329822673628
-0.007905357447513195,-0.0035740337066856314,-0.008481173398287467,-0.013098061052771559
0.0005822796500871696,0.004225410051669876,0.0058427361834103575,-0.0016524551597966175
-0.010262967064432194,-0.005340723544381865,-0.012079153900654949,-0.00973902847346475
0.004011920804301239,0.005163143041366114,0.003311825534341617,-0.0011466764438018413
0.008264629904709553,0.010271618586934705,0.013116890191381849,0.010801417639620059
-0.0024972745488313075,-0.0014284161547658547,-0.0036971872087163678,-0.008142217554344078
0.007900621038590128,0.0035825339926776056,0.007953004700508082,0.008054624464487016
0.0021419035463847713,0.0029281064224944147,-0.0006871817837931228,0.0003843565322338982
0.0096027594185788,0.007513096940720888,0.009556879660320485,0.007853525209598589
-0.0007784772838256293,-0.002554227088800154,-0.002925094247420934,0.002362936779625846
0.009657299920258877,0.0009833771991436537,0.007390779343419139,0.007104656222237881
-6.674185755528583e-05,-0.0005134996079992903,-0.00010875250463526775,0.0005910985542618707
-0.002570522859054014,-0.004808023033385789,-0.0033209258633954963,-0.0010129942802968859
-0.0061561972301420465,-0.00801835649090854,-0.011171537109587404,-0.01456730091558589
-0.002097879511120504,-0.0005929135940357932,-0.0010345354638604534,-0.0012116232367689328
-7.500987092434741e-05,0.00208788887197886,0.0021895850459361377,0.0047757069040683655
0.008112673837378015,0.0022196864505061864,0.008616824167264614,0.005227894737318328
-0.005444593035665911,-0.003021171365903963,-0.003968001009204802,0.001858059928447897
0.0009185284392367877,0.00015681460690863958,-0.0020015371371282513,-0.003865395879651068
0.0025612955246112623,0.004299033605891678,0.0030581297294201004,0.0019664295861856478
0.0053675938373412,0.003763107812597921,0.004631173547838818,0.004920474854035239
-0.0012426093488774324,-0.00017147901153424794,-0.002059815495209283,0.0018822503277511336
0.006185462951682208,0.012652294060936377,0.0034520158692838976,0.012351575407502756
0.004035615722158825,0.003231503924234102,-0.0004526192269821427,-0.0019046826373734227
-9.020228232836658e-05,0.0012302134085697693,0.0023858735430219986,0.0016613984204190135
-0.0034476111013995725,-0.0027663436845037914,-0.004071747684724625,-0.0030737823271473896
0.00339277468154342,0.002021444307747977,0.002141971059023584,0.00751595574483388
0.004755769631757056,0.001752668241457922,0.0037539453460255783,0.004871806276386614
-0.002110842077479802,-0.003231826089307055,0.0005101247353624938,0.00010247338402780136
-0.009431567974872324,-0.00220096291200389,-0.010617455640682729,-0.01304566724637135
-0.0005075730406374213,0.0012387450416291301,0.006252428779520924,0.0007800969363398469
0.004265720071742196,0.004629488538310689,0.004878592034447182,0.007804664259848381
0.0009741602415507256,-0.0008272682321979197,0.008590964620748931,0.0037676848430179275
0.0010665546817723026,0.002972370679944936,0.0007364438336603385,0.007060747556912883
0.0032181629162517647,0.0004666063449776381,0.001550174142244565,0.00025950004851660324
-0.0026200807059345572,-0.01132129644627855,-0.0038115102470903657,-0.0026637191782969967
-0.0004553188717991707,0.0018861299788333066,0.0027311302521799696,-0.004364476925758365
-0.0042327286463821326,0.0014434094823267962,-0.0007602197848491921,-0.005849477608867892
-0.009174575905370077,-0.0042795829191309975,-0.010341231271256746,-0.007964247860196672
0.0060511250281771725,0.002551180644756457,0.0065263017594465724,0.00965024309219453
0.0031331272933197147,0.0006206414236411549,0.002410865263729134,0.0037321508754037946
-0.012248413129675841,-0.0034809299605225164,-0.0066101536387021,-0.014421070739810802
0.0004433501953717833,-0.003400236219605945,-0.005486682838825585,-0.005900261604219304
0.008045893196105602,0.004369825719011232,0.0020935545008429197,0.00797310603332102
0.006919050611678079,0.006408434220801285,0.008641431685082468,0.00577465236001129
-0.002807456205317416,-0.0004634373348618714,-0.0062474335455156025,-0.000781480202904361
0.0008538716446382378,-0.0007808242192828273,-0.003578165907397235,-0.007931550345414262
0.0,0.0,0.0,0.0
0.0,0.0,0.0,0.0
0.0033920266723943553,0.00034743480511667535,0.0023302215510598856,0.005031992256946394
0.0010253974552416614,0.0043210574369816354,0.0023330809323944823,0.0022995433279806576
-0.0010986550208031962,-0.0005936723741751804,0.002077731980219211,-0.0008251846147441232
-0.0018732252210500453,0.0012737433760576786,0.00043829427050301467,0.001162461800208181
0.002224606563547837,0.003177998481931565,0.0009174729199730168,0.004596760139648382
0.0005417585388527435,0.0002920612691308388,0.0007344149843024893,0.0052675523121386006
-0.00871830507154625,0.0009676449529909538,-0.0071670845846161235,-0.0033622585324445398
0.0055359386954314535,0.003382679941782429,0.0058313806272003435,0.003505378996296216
-0.0015987359927381872,0.0006190338596203659,-0.0014913963106043535,-0.008909478229770174
-0.0015331167678223068,5.8714455346109424e-05,-0.004973339871131133,-0.005497828253969272
0.0020812756386008324,-0.00011296221611734047,0.0008367055129891997,0.0029157613744033033
0.0032039090197975018,0.0004800749450011299,-0.00126094878842109,0.0007174833664982394
0.003248171274356393,-7.993925359195407e-05,0.0010133703493921953,0.0010169903682866188
-0.005805559679860961,-0.004054095054897511,-0.00954839923681361,-0.009874478644349649
0.002224206617946312,0.0012237037820321814,-0.0009672850539865774,0.010381324572437343
-0.01005313758299664,-0.0034606281682477698,-0.007402033470336965,-0.006331944406023693
0.00030841329467179435,0.00025084567129818325,0.0005412156216157982,-0.0015953414326840276
0.009506765971000863,0.004911195948708924,0.008996315002000044,0.01259881691483966
-0.00029306530161610217,0.0017059472901641561,0.004141263182783961,0.0004913190227773255
-0.0021077469462302822,-0.002434461463618143,-0.0055339092925360545,0.004255973105020239
-0.003400452158348166,-0.0015512287181937976,-0.00485451031865225,-0.007897064302326062
0.0010892881912969443,-0.00012863934543050348,0.002638027793563591,0.0010908375384890423
-0.0017146754766553807,-0.002332744092803818,0.0008381826517656067,0.0008711225471376148
0.003868265359323608,0.004804450087311674,0.008363286009602788,0.0032893952099657398
-0.001798928548697898,-0.0009096672063709788,-0.0015430312899998855,-0.009432282799691438
0.0063022910874153135,0.0023973481372536747,0.003600631979148172,0.0019214230173629774
0.0008716758003386449,0.0012003345277671331,-0.0003825135206220187,0.003066972356118525
-0.0056936186676936895,-0.0046252715239230024,-0.009462694006868055,-0.00572512099925393
0.0016993342251063748,0.0015946974013278936,-0.0016461083440371116,-0.00824742469375972
-0.01059800449064352,-0.004985520085365014,0.003985804858968933,-0.0051029361356617065
-0.019128767248069,-0.006835206366060498,-0.01938372012297951,-0.019996585416474533
0.0060732714596183355,0.0015495993638208196,0.004071330009511875,0.01182553399928099
-0.001364683300029923,0.002100393219480967,0.005814715560871653,-0.0013042615337074404
0.0006127121282701875,-0.0001386479499814186,-0.0017814596172492925,-0.009721227599883031
0.0,0.0,0.0,0.0
-0.005870023410775471,-0.002185727849183139,-0.0010826389099923839,-0.005799069714534033
0.0005972888032872438,0.003961577917730219,0.004652292328031216,-0.007633501972860834
-0.017211462455095417,-0.007654141885372057,-0.014787697662911103,-0.011736733650209108
0.0074719832249858795,0.0038865165436641202,0.0004408388887926496,0.017669528083365416
0.008968961809522336,0.0035885156191668437,0.01360494161508341,0.007015003102871953
0.007945920110751237,0.001149331784531915,0.008658117166186585,0.01017848317243164
0.004871979091193524,0.00446747231062683,0.0028884323232309943,0.0018555539354889734
-0.008264115148094886,-0.0042955589271318475,-0.002344440047281293,-0.010163410944454832
0.0026830895835052715,-0.0021700757501152967,0.003934819686220782,0.014834819300268531
-0.001662113674263499,-0.003665067019300361,0.0011084694645147053,0.008452189893634944
-0.008216655863186317,-0.0033487560389712234,0.0013445913636489506,-0.004670495467185898
0.0008684090936226241,0.0007306553460315612,-0.006045643550015356,-0.001677817736863818
-0.002052720280821818,-0.001337521594642177,0.0012713613452361994,0.0017261405721773482
0.0027675343519104607,-0.0016768631690191607,-0.0020899773568288094,-0.010945777193684279
-0.011161310559215877,-0.005701263004326607,-0.0033705064151774433,-0.009782180259121807
-0.00894555818464815,-0.012591459816287731,-0.008106780898421317,-0.018804004528584328
0.008596549338298898,0.0021593795992267406,0.007026321493941445,0.008162662015691824
0.0076621201719171425,0.003381917461467099,0.007917431599953062,0.0036070570897819287
0.00023268943023690983,0.0021155191299060405,0.003160207287607797,-0.002041578886225026
-0.002888115647286193,-0.0010387294456383198,-0.001834496790499518,-0.00019242329363566848
-0.00460300651864598,-0.001983651505543471,0.0013597158422617994,-3.612037916622679e-05
0.0013422619316794115,-0.01021833511847692,0.0006843504832250157,-0.0033542981059566657
0.004218790266583339,-0.003760371377478422,0.0017999881724748425,0.004377033495213789
0.0004459722559202461,-0.003822025083400682,-0.005835758787857026,-0.002837751409281664
-0.005017721089090155,0.002052716934897836,-0.0014149680713723134,-0.007747359056992531
0.014225877694016063,0.010811095827389705,0.008946054864899189,0.005262502815616799
0.0,0.0,0.0,0.0
0.0,0.0,0.0,0.0
0.0,0.0,0.0,0.0
0.00040143290952388,-0.00041313654079699885,0.004329817665133406,0.012245166620439285
0.0044494697505610414,0.0046958346383476615,0.003442328894982083,-0.005222479665145663
-0.006355226037985662,-0.00017390404166417459,-0.0017215852939859164,-0.012749169159479656
-0.007915326602721541,-0.005929744607012899,-0.0028015206690786827,-0.006636527365591061
-0.01923635432523341,-0.014526326545738375,-0.01934036087917479,-0.047108486688247735
-0.016851863985379856,-0.009936541300330948,-0.02737299276934091,-0.019140374604041943
-0.029425529131852257,-0.015218624771742297,-0.02938089026683144,-0.03890042756505418
-0.006769648801398964,-0.004944040187574217,-0.006170457272591357,0.02271811697036097
0.02224599941393968,0.016486805186387562,0.02902103758255525,0.03140819539143447
0.024140402299537067,0.011821119059018724,0.01740164907659669,0.03996767700652448
0.0041079058863915385,-0.00043789578077435554,-0.001647367660540966,-0.007137201223664347
-0.003931144842099221,-0.00305045625623801,-0.0049772456595746925,-0.01964951050387098
-0.018979865749736532,-0.012439285877697605,-0.02299728375140153,-0.03757703090230746
0.012422403109010549,0.004931528198371725,0.011321696016582727,0.007745900156828966
0.0028786063856600648,-0.0014261086997603425,0.005152497337702844,-0.009052280647209754
-0.009752110915713376,-0.001392928161081941,-0.011553386308890691,-0.0297776474591368
0.0,0.0,0.0,0.0
0.01505477950906875,0.0089843542343635,0.016258967390636814,0.01508438957750524
-0.0067329129834396975,-0.010875914025349376,-0.009148926097625965,0.01072726237425492
0.0016802436866323325,-0.000496626149216417,0.0015359719957781515,-0.006015188831707263
0.0014604215526949904,0.002205829119597436,0.003167561124569618,0.003707805011589072
-0.00325831535452148,0.0006724285735164592,-0.003333143545703132,-0.007333693122125838
0.005729503457547303,0.007811204998452227,0.008214516566266594,0.0216236094622273
0.010403591830427937,0.0031231434793241863,0.004714349112777461,0.03481322062168224
0.004172836627910126,0.002689819369827484,0.0002334548873743625,0.007767268557322905
-0.011807904595396157,-0.008124430431414753,-0.012255813778895064,-0.01758176914766496
-0.005188922841287247,-0.008369837435303841,0.006756612846033905,-0.0063523922576502745
-0.014365924670731056,-0.004426876033399085,-0.010957796316999224,-0.014606118151967329
-0.0069669285363641595,-0.005043451264796217,0.0013443228632177284,-0.01506444021152653
-0.006186555066429733,-0.0003136912824283078,-0.008966371451451627,0.018674685154722592
-0.008705068192917387,-0.011242272564677023,-0.003189608883099715,0.0014496112138708828
-0.030526244000002367,-0.0302816340133375,-0.026430411340857662,-0.03048501814123683
-0.004079252329353245,-0.008338889308307396,0.0035016542216805835,-0.004657831908651544
0.017704006763161532,0.016845118008690818,0.01187254648677172,0.03516638731130639
0.004077473831567868,0.008618784898667187,0.0016114176361519128,0.010070904267592162
0.01771779147264585,0.014584382121717974,0.009093372278827559,0.03510463964703092
0.01628555995487946,-1.9535477035037552e-05,0.015564674467326125,0.01231761160314826
0.0008116137483444862,-0.0009687147729675604,-0.005172394731409957,-0.01646831680486993
0.010538206708111229,0.0006526755414519857,0.008995819804137772,0.0057664121205596155
0.00602610571789941,0.00621988373760396,0.0032623659173323105,0.011985152205529205
0.0011659071735174995,-0.0011165252988558636,0.0003197216152877047,0.010405324891473722
-0.002263127573990609,-0.002413938485898881,0.0022250223618403013,0.003727052506982576
-0.008954028391583768,-0.01139689540855715,-0.003731906624934611,-0.026305707154107072
0.000324614846989979,0.004492338450844846,-0.004680549841610482,-0.018379723571481432
0.01144582694044982,0.006205948057715682,0.01847232999078829,0.0025571516728444266
0.003940916522920057,0.004156691250256861,0.006172903071350433,0.005242966615657929
-0.004317907229198115,-0.001756047076304168,0.0004598278962375523,0.0071450256550706906
-0.002328210348209625,-0.00887834285427047,0.0014147514067792688,-0.008820902583286827
-0.013934385919458614,-0.010111109033731358,-0.006907991014543424,-0.015733696071561054
0.009899543170014844,-0.00822166037332217,0.006310245418656324,0.007891756476609668
0.012022488516220564,0.018284440987980318,0.008114225173666556,0.017093530186491183
0.005491178716603873,0.003899617408694267,0.004319303830453425,0.004006687664569021
-0.010447777210264351,0.0037501662566103993,-0.004141274783514115,0.0016800369026153115
0.016201480270641166,0.00639818324998398,0.0065445867509004154,0.0115446599617417
-0.0012930354908113895,0.003684834997583764,0.0013089742963388053,-0.0036344547606719244
0.004128294617100847,-0.0015052517292194476,-0.010815732467507222,0.006531212326751579
0.012484215284677358,0.010355822606001208,0.002313769399915566,0.013296887708456941
0.0058532782448204035,0.002269034892278255,0.007129820458716685,0.01433063522456135
-0.0017377683424140145,-0.0007055677042061559,-0.0019381165746314988,0.0035142651782205108
-0.006155277081658639,-0.004111328750458831,0.0020586346504969373,-0.011633422513214864
0.00554267032156619,-0.0009191327534781023,0.0017778472895446649,0.014817748941969857
-0.007598566888338709,-0.01075928364181089,-0.011258891926589465,-0.019281795281030027
2.6349419326443524e-05,0.005827560502073004,0.002581452796463157,-0.006143394682728509
-0.00492349414640869,-0.007050813125397237,-0.0007490696099656803,-0.0035548939547060954
0.0,0.0,0.0,0.0
0.0,0.0,0.0,0.0
0.006608182327954014,0.0021067943966213143,0.012049452044939457,0.04057646836431883
0.0032244501648739377,0.0017263072609170482,-0.0014087293885890473,0.014900777182699
0.01413112361044244,0.010304303195228348,0.01515325391820954,0.017856813783518888
-0.0034423076444611844,-0.004860645264483932,0.006745932011709589,0.00320584353729525
0.005783832400213518,0.006760348667295579,0.0032723509115346605,0.022681416127799503
-0.0010893980202152378,-0.003780892789463919,0.0031505468248917983,0.012117307767075092
0.003381845582534737,0.006359086351701127,0.0033759356929998767,-0.00636458045376731
0.0021903384835291195,0.004682031507891704,0.0016277045898183131,7.692369106360175e-06
0.0,0.0,0.0,0.0
-0.00038860200904544673,3.706233194344932e-06,0.0011797329922946798,0.004218516469581379
0.0016825581595980574,-0.005443744907876913,-0.010322597157094604,-0.0036129380355979243
0.004271463356509964,0.0100807393468072,0.009055466617081677,0.010648539511324051
-0.0074705865009220265,-0.0071025807957972855,-0.016162738200895862,0.0112002151446271
-0.012023343589619984,-0.007406779346134763,-0.018869471822888676,-0.015716052416417492
0.00800342769061668,0.0072543415701431515,0.012094497271673,0.022916850939401327
-0.011234283923512112,-0.002762758905692886,-0.009607941253265584,-0.011713181614380952
-0.00335099101276648,-0.003540144613345397,-0.0008119593659281499,-0.000835182083885444
-0.0037917447239160795,-0.0038401801800457274,-0.00943188173543863,-0.014748960726263085
0.0004733786388644301,0.0029771205604953717,0.0005942200925348473,-0.0005097216878294786
-0.01555387954997356,-0.008344656901489,-0.017980689356246304,-0.034280477810095134
-0.004105289098556897,-0.00015173125128253862,0.012145951158309076,0.0047631813699455785
0.011163635468455224,0.0075871225802572875,0.013456848081525141,0.009111587694889732
0.010686283909682182,0.005379310246948821,0.013326593361308923,0.024483909473707488
-0.008055648145420813,-0.0056036637738238184,-0.013551781142228214,-0.0053767750450915966
-0.004021636650928473,-0.005681266535382812,-0.016062921435576527,-0.011612440112639844
0.005315768891918982,0.004494523451032073,0.015592662881435569,-0.0017649029677012649
0.00550856991935933,0.0038824160749246772,0.017028394089815938,0.0015585853863333554
0.008939466117603434,0.008066377107114775,0.01859602259911664,0.010676734343811443
0.000528936533642943,-0.00047964925669163877,-0.005401083438984822,-0.0025350380089897984
-0.004882765093333519,-0.006346525510985579,-0.005517685511962078,-0.010758565283602972
0.0082873320236021,0.00636636888235631,0.01443576405698499,0.012741120379774484
-0.009673964647741172,-0.0034956161225720983,-0.010775180878617173,-0.014944889618230373
-0.0025840779527201985,-0.003237239520782586,-0.010973936245886272,-0.006501792617308211
-0.01326314809230822,-0.006037349056759789,-0.006017317835758762,-0.04318992097452279
-0.0003978499074160924,0.002241789592507759,0.006797846939328389,-0.0029600131284786
-0.011557802331501277,-0.006955197861154949,-0.0033492292463385143,0.017757781489261992
-0.020495339458921014,-0.007166956176819394,-0.02132374698769468,-0.033944410842502215
-0.008148967929308859,-0.008306974184606575,-0.0100710526701977,-0.017584669399065892
-0.005271563007248514,-0.0014799406245900038,0.0116993853440408,-0.003926502796956721
0.002875286288517964,0.0007026002056103043,0.010685180123224614,0.018388564544148608
-0.02227825953113549,-0.014761785267097816,-0.030348789202566118,-0.050611684837002964
0.012925830221708123,0.012862651186675844,0.003901905806158679,0.015141171217888829
-0.018822824961870818,-0.009387306907218451,-0.020972233525462958,-0.02799831843010947
0.0,0.0,0.0,0.0
-0.008979176625906748,-0.005699768746263545,0.008740476544669917,0.00834848753517492
-0.0075514126549584,0.0005640122011685289,0.007992994486910598,-0.012271890781095474
0.008035515018994355,0.002367664601808705,0.019820959864549348,-0.008080041328043408
0.01820761444076391,0.01009818814738428,0.019629006449109143,0.014578037060370754
-0.016316812800425406,-0.006365398735864947,-0.008262493201190546,-0.019433380509044532
0.015853884217806424,0.0075786929632841735,0.02174642218532896,-0.002146621117658176
-0.009783785284170676,-0.009412008294334528,-0.0026027347609381968,-0.04412210386769888
-0.0009437190933035967,-0.009618869883760815,0.0011948853831031947,0.006963993055898232
0.020814895206838102,0.011936297823765152,0.02568203766000221,0.015365969077963724
0.0011070174394050003,0.003331031001332585,-0.009244904421877307,0.001743871004827202
-0.017924711794529702,-0.009350856184595524,-0.015570796947743768,-0.030383155128850706
0.003870461426249694,0.0017817559218484824,-0.009526026131964072,-0.007390692775779639
0.008024946946356248,0.0003455866133024177,-0.006527596289731319,0.013606193704686742
-0.01822816694352813,-0.005381838883733003,-0.017520712604408684,-0.06650540135670667
-0.026450929622062747,-0.01807468766909748,-0.02230193005029524,-0.01969686081562505
-0.005715164067641275,0.0011156937834748692,0.0026459229077926416,-0.00024234575002424208
0.002316694885656334,0.003364959329028583,0.007319914339846356,0.015840220712250552
0.0,0.0,0.0,0.0
0.0,0.0,0.0,0.0
0.0,0.0,0.0,0.0
0.021758653342390574,0.013462976281961579,0.008260372392042914,0.04836610857492185
0.019217694241066896,0.016533546153424394,0.024427284533712342,0.030453047373760974
-0.003321489111964837,-0.011458415085432216,-0.008407095781313267,-0.020017981097494756
0.0013133586925917484,-0.0037532803917841306,-0.00023055737611710206,0.0025725335441373343
0.0171285601546185,0.011408934642269886,0.0028886561423562274,0.020310384050441943
-0.009970246762023629,-0.0007766117721473843,-0.00820609076332135,-0.022989079259534084
0.006225516666053643,0.0008327547104729495,0.002488915172225159,0.0121321396966938
0.008691130121511126,0.014958124360212375,0.02239565779507924,-0.011996734264259068
0.0034799991937695123,0.002173846359112108,0.026420922421727996,0.008685145549796934
-0.0073708476560825345,-0.01597191234307871,-0.007554188168658826,-0.0019773118923152033
0.016905862529351445,0.00973502737672427,0.01263378441359708,0.03016392710970428
0.005056868035450579,0.0021881395278267046,-0.00033807368689819933,7.273988391620634e-05
0.0012305726283681204,-0.0029798492458547048,0.002121857376878644,-0.005008508837568093
0.00418335703368844,-0.0038876366468891814,-0.0006707110405643758,0.022272164752466184
0.005660870445602262,0.00862321068992622,-0.006536817819289832,-0.013451825592426636
-0.01750845392258682,-0.011011396452427102,-0.006303000092553357,-0.0043508966032220755
0.005793885143833499,0.009729151758868905,0.004657037111790219,0.007992729173773583
-0.00389455648707715,-0.0003112870621647668,-0.004456508495343403,-0.004563715126337131
0.01903777688964925,0.015285068952926029,0.010857811704318321,0.027820305298719598
-0.005807188739910263,-0.003377257391661725,0.005121031386205344,-0.001028685516212935
-0.013791906070086846,-0.0228754383817914,0.0007480030364910295,-0.011230743251396393
0.006176907062249493,-0.0073247380639731565,0.01058575535836237,0.014686640044794919
0.0017941579238094363,-0.00874103977685392,0.0032324167457926656,-0.0038166665168318788
0.0021265873356211,0.0006540950574358549,-0.004215522149350948,0.008378715846593776
0.0013711069970732126,0.007469001106202633,-0.00711074012208912,0.004221900288363223
-0.004525724983084456,0.005903967461847293,-0.0019204501317549028,-0.003169261005574131
-0.009990518528636305,-0.005828893527134339,0.0011381842140905096,-0.010514427582253516
-0.0002867120746384844,0.0002190992102995004,-0.004481540104161463,-0.0044591734793774105
-0.0030643094142626115,-0.00470690518203154,0.011617281287847224,-0.00036479506440134646
0.008985405902530497,0.011124467200583688,0.012916849568494149,0.018896308632984526
0.0028208280372634675,-0.0016692640623439114,0.002588124374719003,0.008359607174621475
-0.0009249940641816725,-0.003510449972507712,-0.0024395571904852753,-0.0017085856077998507
0.003275379634022801,0.007024010699341776,0.005527045065269132,0.013311262000912816
-0.003574320168184375,0.0029676783852279343,-0.003513714627500719,-0.005376619862118348
-0.009667909070622205,-0.02268910289133497,-0.01046057008321877,-0.004369920589068044
0.008819401023869355,0.01803944353751308,0.005895946289570242,0.0065832216730499216
-0.00940169551514458,-0.004248591266485469,-0.011561601358349828,-0.007112992175216548
0.003901574852940737,-0.0053147526344206044,0.009590960182162656,0.0022176079552160832
-0.00583102943552749,-0.009683372885724184,-0.005430750550990293,0.0037147798596868227
0.006013259686329375,-0.0035761122603760187,0.006784412988310118,0.023829151744722887
0.012289413906366288,0.005596572246581832,-0.0043224926879166245,0.02753213298858004
0.000606495050538669,-0.0022040669420415604,-0.0020966532868552656,0.0005654676295347992
-0.002370025719979907,-0.0010452792883982598,0.0071549136991237985,0.0071604573980954545
0.007066815233812251,0.005772799947748153,0.00460810131689815,-0.008639801863611463
0.003919927938036638,0.009115507867141435,0.001912746280488209,-0.0365152605973077
0.002563523938495793,0.000960980352443519,-0.0027804284511133703,0.006317437148658511
-0.0005453620729092278,0.006034894451984575,-0.012476794843496621,-0.008507644343830334
0.0051609595976125355,0.0008921607288487898,0.011491016535411623,-0.001503478544461534
-0.010636874802311458,-0.01704739245250142,0.0050784564602568425,-0.014188557986163362
0.002614442137381268,-0.003782852246441593,0.0013611276676075426,-0.016556912575783178
0.0016943559371289665,0.0006568054895850218,0.004552151584403807,0.002909507890388463
-0.005115166461696186,-0.00999554839586536,-0.007945956164526534,0.0002820307523960785
-0.009058429747901386,-0.006856352381748532,-0.005840948214794195,-0.0010410715899730194
0.0042269001014076935,0.0015840666111854864,0.014011038772253182,0.002750569145272275
-0.008875532577072076,0.0014204066898175773,-0.010383581970840884,-0.01970927240733833
-0.0070719083120668325,-0.009152156050060143,0.009203088454748707,-0.00896886018459453
0.0014953551656669006,-0.005276859886237717,0.02575978815012148,0.00030109553187429583
-0.007515538471221106,-0.023791933109511887,0.008882507533384043,-0.001711412318632033
-0.0002406718407468311,0.016252386993219847,0.002431555958092746,-0.01620656752709371
0.009993002762485492,0.010116331510395815,0.0186116892704542,0.014961364200595462
-0.00797775453884697,-0.010886469607212068,-0.010006691389861657,-0.019801061182154852
-0.006354440373992021,-0.009244466697402642,0.008024236959608855,-0.01939418413861671
0.0,0.0,0.0,0.0
0.00404379558980139,0.007446328310656947,0.008351187523155891,0.010013847882108129
-0.004803249380427421,0.006703595397684614,-0.03259191900949099,0.00011878438020218596
0.0012941696732378105,0.0042206902822570225,-0.006760792861281284,0.014574717726908881
-0.007958496592684106,-0.008679475085641486,0.014543046868164876,-0.008499552982992653
0.00692358991088371,0.011774038615385507,-0.003294598228691714,0.018550444612390082
0.002997393363795675,-0.005452426834488655,0.0018445699053561968,0.0028592345417592924
0.011672061630627395,0.012197134273953969,0.016772338429658973,0.0241712996216068
0.0029918734972800287,0.0016412965178977945,0.006946247999379374,0.0007890757388433478
0.002677253951802294,0.004943586894308849,-0.004228361183721274,0.005763966539773291
0.00477811844570275,0.005390044103609215,0.0039675437590334095,0.011433292017567931
0.003186047343288534,0.0029961588041726994,-0.008046589703210483,-0.0004832445682794173
0.0040032713320370394,0.011654015179362707,0.007320639835222131,-0.006106675780572557
0.011018476073055837,0.00995288699786423,0.00823080387114383,0.0015626876749963436
0.0001804814193415716,-0.002503022511896713,0.0025530840050584924,-0.015424494286660153
0.004054307974728165,0.008038045090808188,-0.0007887567939748318,0.009988043758720757
0.0035446305228050705,0.0008573270597687088,-0.0015821706518290846,-0.015105109341647882
0.0004612732343738379,-0.00027932171625699714,0.004087287534335404,-0.0144187018084887
-0.00222899608013849,-0.00565613865089709,0.003132209960242216,-0.0013455514946515426
-0.010181080927798014,-0.015601558017558581,-0.005449780825025896,-0.02126781227934771
-0.007234632441308175,0.0007045604253688165,-0.005589580571926711,-0.0026486082411992795
-0.004824510012659711,0.002465618355900645,-0.0007716484435073001,-0.0017683049416348238
0.0033054501490099586,-0.006720139908963363,-0.0007094849785939107,-0.005165704578782515
7.046793639475801e-05,-0.002726814924389309,0.004143074750076803,0.005737025984010824
-0.003619326840283876,-0.003006195507831433,-0.004457958108325721,-0.007595979138041886
0.005608765318926956,0.0023505080304537795,0.008264936140427004,0.012130597340276106
-0.0002595523919003417,-0.006424475498734261,0.0018870964115167421,-0.007710250695866837
-0.0023826622022944392,-0.001197696750974031,-0.0045010015047942655,-0.006659973754845172
0.009902315736901368,0.013068101416964684,0.014758035717373554,0.014884773925590178
-0.030825874730298963,-0.027631268055026026,-0.03341587623697473,-0.03243786170126939
-0.02022891847303976,-0.02041733315362626,-0.007787454561102969,-0.02519083123871979
0.013726671893862452,0.022680480840763684,0.013722436322915588,0.017600273277964762
0.011492926547103322,0.012636823829754508,0.01711828553343775,0.02344514552551513
0.007980272580349945,0.0031135664903849673,0.021142478093785225,0.00947179766176687
0.001325470621134528,0.004742544214432209,-0.0008725274799917804,0.022238414150436814
0.0,0.0,0.0,0.0
-0.008327041596514874,-0.0056027222460205426,0.0007670283239313846,-0.005191946035281171
0.0004672583495399785,0.006914281936277744,0.008484161764108933,-0.0154551692973941
0.002406264891503307,0.0009512751403228935,-0.0018358049342940273,0.0058311562059458755
0.014458430191096385,0.010150475232887812,0.008706215280221308,0.013886574624507151
0.004185280053357277,0.0007232615605246018,0.002143120219447736,0.003635587157129861
0.008519447372326017,0.006754525778917886,-0.013582106124006676,0.014813516687426587
-0.002238563072188282,0.005424614342039114,0.0110634706674968,-0.004847988300679895
0.005691390764523518,0.002573129010503328,-0.0032460450094133893,0.008575663991103655
0.0014726394069082274,-0.001051788988285729,0.003537449969706285,-0.004434504356987556
0.00134096623711355,0.0017215404635337885,0.0035089338565081896,0.010360604880409907
-0.003833125242903801,-0.004632621716175732,-0.001430642857132014,-0.04137605102616504
0.00573472057299229,0.01582656780774938,-0.0049514661435895455,0.016233428643408262
0.0006691838787491465,-0.0018408058594440169,-0.005273173937539122,-0.014567610517924434
0.003516652814553378,0.0007985725621775241,0.006218415121424403,0.002339125811890552
-0.0004044391986239848,4.1974617554840776e-05,0.0007782141246130969,0.004937804588410755
0.0017457960158053787,-0.0009146663634116424,-0.01083521290469036,0.02074896973617446
-0.0012193530193800315,0.009839675584239592,-0.013688920383431169,-5.753777644601499e-05
-0.001454077587098257,-0.003270692647376117,0.003591823551333251,-0.0006935867360368109
9.093257135872612e-05,-0.003689050159988661,0.003919567840572125,-0.007451164841582591
-0.00017803692294537932,0.0023517271493482816,-0.005478870581764883,0.01735910577744026
-0.00970697716043678,0.001680486016001348,-0.008718280178529603,-0.005194936281134654
0.005436983422351327,0.01279372896961517,-0.00036502888582257137,0.003223626640330046
0.003906595726503648,0.001933656225941327,0.005670971582061091,0.0010881312491239914
0.008332506861706834,0.00048547915841745665,0.02944794341899248,0.022420774067732463
-0.0013400472346902779,-0.00492300202904028,-0.0006851240601155606,-0.0010500993083547572
-0.0068623202225033255,0.01074251265387538,0.007832957960847153,0.0026777069668622033
0.0,0.0,0.0,0.0
0.0,0.0,0.0,0.0
0.0,0.0,0.0,0.0
0.0068728679495775324,0.004331030852751994,-0.0029482182664856142,0.012472405189765334
-0.0023863787252409448,-0.0037474115340513365,-0.0017646616661537442,-0.007509393809130405
-0.003631940407252343,0.0003863551557596878,0.0034165193150861306,0.003713125636208403
0.0015357878248420944,0.002535273297783469,0.003527407718138642,-0.0017091867554074325
0.0007360054565475059,-0.0013770541229649602,-0.0008977618729173463,0.0012386144706473257
0.0011849948970468205,-0.0005925724731468129,0.0007498471419566942,-0.0015224005670007035
0.002124403355325155,-0.003203954096546391,-0.0034022069084584943,0.0023047069072001936
-0.005433670020609571,-0.020235613428588484,-0.0006839667926484827,-0.0073460258113026144
-0.0002512436762761583,-0.0076516397342675235,-0.0007970586557919379,-0.0012346622619042735
0.0019217144887477835,0.0016694381202235766,-0.006806315954314357,0.002513226973043237
0.0017422929824546518,-0.0031766711358378608,0.005003346412238097,1.7992633168040232e-05
0.0005390260325901508,-0.001230388014933581,-0.0041318713834344045,0.003580639197348079
-0.00021655502925965744,-0.0043184563408632535,0.013107626834163222,-0.0017951106051279364
0.01621279465976877,0.0019077047294562281,-9.209106165375401e-05,0.01841098234053451
0.002949570883375774,-0.0068125660351171504,0.003071470084055949,0.0019455045640521809
0.0,0.0,0.0,0.0
0.004742657132035699,0.007226132245369055,0.0017195300899539578,0.013465867590374714
0.004764273206198988,4.696992679997791e-05,0.001168532905090114,0.0033682976941016296
-0.005974991891195103,0.0020296575399749717,-0.005890883692203697,-0.00623584463870408
-0.0160748553958604,-0.012260560507886265,-0.03244139553528436,-0.017431461925764613
0.008298378015529241,0.0139705857316752,0.026382303128121176,0.009854599877604064
-0.00977299778666818,-0.005496433489843966,-0.00587463699584856,-0.0062373641806127145
-0.0014220099596985447,0.003455343508538489,-0.005931102866827298,-0.0023854375977685467
0.005264932295319546,0.0044838379887059965,0.015107320624571097,0.0027745080343268835
-0.004822092642640663,-0.0006760168150246049,-0.002314691187714324,0.0009908758872283485
0.002384644286921533,-0.004046067828361366,-0.016502057162248732,-0.0013694961386927493
-0.0016674064272118596,-0.005673414970415736,0.002258709896481914,-7.970400875745297e-06
0.012243379847976188,0.007182106052308512,0.00956763059910837,0.014734739839701303
0.009617538076925893,0.010389474727158898,0.011368081931898866,0.008352271124410837
-0.00040354843780909816,0.001882495186009248,-0.003094161071282353,0.0033736666595707288
-0.0036444960691104367,-0.012387825112017636,-0.004694428228340652,-0.0068183044542381435
0.00482473176695053,-0.003097831750188185,0.006833427523197599,0.0034783480426863194
0.0014651110485053296,-0.0029405278684691005,0.0037852338955186578,0.00012296728902949638
-0.007539402501831716,-0.01848347338668266,-0.011376259193521587,-0.010439183373718295
0.002648666385403953,-0.000810541736594006,0.010550822552960692,0.0006350972457558335
-0.002803231304288168,0.002358112861927441,-0.00500364652478047,-0.0019096670214995282
-0.0017369993009108686,-0.0024189366727341843,-0.00985667705462656,0.011777539231761835
0.0035551423069564154,0.0021242774838245992,-0.0045840382758775,0.005611120516704871
-0.003075383225803807,-0.005344948388977588,0.0009302007478397822,-0.0029203621914825058
-0.002494771285069475,-0.003559685441410942,-0.0021524293898715907,-0.005786989201209679
0.0017947756540892534,0.01356932520683407,0.010346211476153888,0.006139056088856121
-0.016339195942284057,-0.009743374837972496,-0.01439291585907665,-0.01934198188739944
-0.003372008037089702,-0.010326482076008614,-0.00034498785042791363,-0.001957247882263036
-0.00436720778188171,0.003302152247207868,-0.0020052335563901518,-0.0072311931476397575
0.0014887137769725722,-0.011275016091314205,0.013330392880903208,0.004871734463247845
-0.004624552197009635,-0.005625264794948515,0.0013692399445015544,-0.0020537965529187074
0.0040677526767409775,0.009752848808593395,0.002075954036828032,0.004248520315979443
0.0015868522169617536,0.0011372214165867867,-0.0053151445050586546,0.002521728856733629
-0.0043126669627056025,0.005427881690488245,-0.0027773826740087326,-0.0008916076776048776
0.00016793975156281782,-0.005110267551465708,-0.002161275953262876,0.0007645315433728593
0.002756840516566994,-0.00039497229155860403,0.007966984421373668,0.0012995198503371608
-0.004851154374816868,0.00439703675000902,-0.0059807090585813905,-0.005773014566863077
-0.0043458738483672646,-0.006361912505925993,-0.0041945370564794296,-0.00991284501436518
-0.008156960546758518,-0.002569074225403201,-0.004230781181751242,-0.008930909981866186
1.1206033712074517e-06,-0.011387561852887695,0.0028017325037192893,0.0064047165671665685
0.0018329585872089995,-0.00677595566554845,0.010248080072819521,0.003796077026526179
-0.006985504544550825,0.0033586230459545785,-0.0072155238005452435,-0.009590694950635135
-0.0038840391101563343,-0.011511081579557936,-0.003374701634637378,-0.021000951297789342
-0.009569573163115241,-0.03100912842464043,-0.01632486362725316,-0.010274627413724756
0.00935501335000266,0.01256790792348994,-0.01942221255978926,0.004256520750006931
0.020149167323403328,0.014846619109823768,0.02116172575927,0.016361498886311887
0.0006853226822955971,-0.005281807633986446,0.021406468312669125,0.00497578718230085
0.0,0.0,0.0,0.0
0.0,0.0,0.0,0.0
0.0,0.0,0.0,0.0
-0.005900546414269736,0.0018647782475305075,-0.010161806669363616,-0.0194073294166458
0.00945723015978617,-0.008236065046749563,0.01170928824222961,0.029055147272975645
-0.0007413692235741509,-0.011476933275309631,0.011418290313512049,0.008179112198129612
0.0060691465857438676,-0.0009089558713550883,0.007607438868632244,0.01383069155872252
0.003869525904427684,-0.00911895024326448,-0.0033065854354599193,-0.00651676759984976
0.002668204075130021,0.005354590270186589,0.012121860009180365,0.0023148475635816896
0.003404703245593499,-0.007092801684664862,0.0061852014690098045,0.0032817828118687498
0.00040248570934053873,0.006623749149267555,-0.014641402907503263,-0.001677306475128315
0.0,0.0,0.0,0.0
0.001795037676759037,-0.0004999117426967015,0.005538455125494446,0.0016338013444725519
-0.007450870380471986,-0.0006430647154711532,0.0006087463073209952,-0.0067661426634422215
0.0009358262231109473,-0.0078085836980019705,0.008434040781804875,0.019609056159352267
4.429246755344174e-05,0.0026645463837944305,-0.016413121997421176,-0.009993942854216287
-0.014048074535705779,-0.008544593590400162,-0.010589744645372991,-0.01932124915063904
-0.0013406254369771053,0.0021078129991085603,0.003032149078540991,-0.007479161410871794
0.009839339200908627,0.003440054072498589,-0.004795461058666906,0.012256621755551313
0.0069731963029471275,-0.003134281179246745,-0.001924140302981936,0.001800904020822447
0.011444649868615151,-0.006860791490739482,0.03224563145415127,0.023664757275849047
0.00011277176321500271,0.009031013191462156,-0.00404619899222014,-0.0008353528109124043
-0.002689764737586531,0.0038683520217848155,0.015270136300455706,0.001311908234309378
-0.007063578477287891,0.001337777500785231,0.001945899226091452,-0.011927401726842368
0.005640062581831362,0.008836550144673659,0.007385942701819248,0.009942445390028752
-0.004990818502477734,-0.008232159501312175,-0.007981407484616176,0.0019359909490963558
0.001139140056588106,-0.0012528975895799155,0.010110320421608865,-0.010459710193848726
-0.000989950040550247,0.0027688897972282245,0.009780367193233941,-0.00509247157383641
-0.000964321859484918,-0.0009378951235365918,0.0018142361586674927,-0.0040074936636547145
0.0029086815650869453,-0.0011914909529883164,-0.004170951354761643,0.005240226369058743
-0.003749084744259057,0.00037953387721634263,0.0052458846712857285,0.0012371864570224214
-0.007685998375407509,-0.0018083924143159624,0.004861406160662218,-0.008935189396385268
0.0025022105128502674,0.00816363647003504,0.002691179339728844,-0.0006899962198128051
0.005907657218654938,-0.001136848808344193,0.0003777711211891965,0.008248501176393308
-0.007843819065787683,-0.005118846818923939,-0.004558493593796231,-0.007064489651016248
0.0023921370301049905,0.0034416361452294093,0.0050111425837098275,-0.0005941558078343956
-0.0013062563240942016,0.005322046674901992,-0.006237781796251785,-0.006361544491936821
0.004300598766848296,0.015298530709966672,0.003968560840084345,0.008224301744956364
0.011580523294858036,0.007029034334920414,-0.001011488229763935,0.012203716273925693
0.003079359651887437,0.004107204993278213,-0.00426372258219343,0.01609182388716346
0.0035607390167515796,-0.013250070690654649,-0.0012126212337904008,0.005666539701156825
-0.00045778492101045115,0.0020073493900067962,-0.004539709409490111,-0.0026415136127654337
-0.0014899286389998825,0.00039357495177760876,-0.0007177515136286282,0.010586356376395269
0.004287576784278491,-0.016622749260771008,0.008642867369573981,0.0010454158672508207
-0.003614344239052936,-0.0015419980700747127,0.005647722319523041,-0.005830783107434789
0.005475605839204034,-0.0016073448282706293,-0.002909660980705109,0.006231394216655861
0.0,0.0,0.0,0.0
0.0007089660784103112,-0.0028013767564899483,0.007877762940214916,0.00740168352351156
-0.0017008001087087663,-0.001651114252791186,0.003849429698314921,-0.0005886805946172523
0.0006985109953365765,-0.0018062887457614973,-0.005028164780214285,0.004399104446572989
0.0037937384238453382,-0.00432161162346989,0.010663842079648544,0.0006680683050357407
0.0006995641340981075,-0.00511596936829295,-0.0021108045079595295,0.009379006975870796
0.005529682284825421,0.0006317687081263124,-5.813933142961858e-05,0.00997542699018128
0.005271686047704227,0.009135730906025373,0.0034709470259564053,0.0067980824369129325
0.015379553425121097,-0.0029532390515127904,0.0068731427057795455,0.010663207694121102
-0.0068736097662960285,0.0058430980347663475,-0.001802063578138613,-0.006933265230764318
-0.002926695551308645,-0.005235586543413162,-0.005248041927281566,-0.0018993535941821407
0.0071441529605722484,0.011955415155135318,0.0009372211291951428,-0.002963692351773628
-0.0014770025737055323,0.012119503511257124,-0.007517562377080789,-0.001228183356464574
-0.0002562348100548784,0.0006272108664953091,0.0028773649805011736,-0.0006143172013983732
-0.0010043899436966708,0.0036978962560634265,0.008352234738612907,0.0070397546708351735
-0.0029815263922954305,0.0048346911206444965,-0.005776958709251989,-0.005591121312479519
0.0027690041908263736,-0.010674770346694396,-0.00012953356604683552,0.004698024843425408
0.005105452248544529,0.004393093808210402,0.0038941481321939095,0.00983320657301312
0.0047029860016032385,0.002543582508906628,0.006672889088134681,0.012526239910685357
0.0,0.0,0.0,0.0
0.0,0.0,0.0,0.0
0.004075935087834548,0.009487467032819108,0.0027473009789902303,0.0014725240796555905
0.002788993266725104,0.015099867719185143,0.0043634848157665385,0.01038477525060566
-0.0050579520479060456,-0.005726870933894679,-0.031372593676209815,-0.0014632885473628845
0.0052387742109261115,0.0013651596071502234,0.08070454206489641,-0.004561275761064354
0.0,0.0,0.0,0.0
0.0029409221530374285,0.0046416397966131395,-0.010771599058839064,0.008295858692080937
-0.005889494635543335,-0.004094074816287541,-0.012095221191348426,0.003113952078066529
-0.006353725399446009,0.0021781607609945297,-0.004155346386000902,-0.003353208405370123
0.0010968316446997584,-0.0030042062782794643,0.0012597174928856705,-0.0028456247078033625
0.0027159713706075284,0.00389746157521631,-0.01891376150223867,0.009087366323814015
-0.008588475637546611,-0.006878223512109538,0.005769339506633164,-0.006000314528644246
0.005782314952699208,0.00971367330724271,0.006950709715129344,0.0020641484069856553
-0.0073003349925164765,-0.0024806407345445702,-0.002685882307799869,-0.003131844952178775
0.0010500023909862932,0.00019060146871097142,0.0021183385005776323,0.0014449589362253155
-0.00301556453343077,-0.010073373261563323,-0.004702095861822908,-0.006102404830104603
-0.005287854732023423,-0.007044467313493508,-0.0042092495057129975,0.0003376805030139707
-0.004496082665643053,-0.0015629920297336453,0.000866496785949078,0.002992242742400064
6.917893550140164e-05,-0.0016559643293818649,0.003661322308511128,-0.00197937335316134
0.00546150860506156,0.0026436640815046264,0.0007839949504895305,2.3533306094947197e-06
0.0023531500423332736,-0.0011108320090382762,-0.002646645763365596,0.010925412300727409
-0.00512560116467109,-0.003673640284207136,-0.0024366138205940127,-0.005225529942614049
0.00905070446421008,0.00649623952553946,0.008055198111683648,0.007008788215819406
0.00195570588328553,-0.0023641156311364764,0.007217265143123486,0.006704853028201008
0.0010911894190639426,-0.0029893164988660237,-0.007236022489104044,0.00026598165962332665
0.0036823410506978678,-0.0007319885797985037,0.001956229153135647,-7.185437759826828e-05
-0.013241625932042813,-0.010798814978234095,-0.008695148559449861,-0.026912122550464712
-0.0006288309140332071,-0.0030444567854539533,0.002692581212589307,0.007935665536942027
0.006460542637567014,0.002516840591144209,-0.0007125778476834155,0.005890294165104226
0.0026633065453245397,-0.0003207105882383488,-0.002503719948563909,0.0004837213672317375
-0.0001802185144098578,0.006930527578594026,-0.0038513304013677594,0.0012559408438241881
0.005369287210825524,0.002295459599675365,0.003641714413445074,0.004365042767423778
0.00679382768802439,0.000955486004983852,0.0009441186421752512,0.0022234729158419064
0.0013364541132649954,-0.0046716250563088035,-0.0016293868562724525,-0.003263795046846152
-0.0002222007877238364,-0.004279020157578195,-0.0029494083602119576,-0.0016153779134923107
-0.0041931672539409215,-0.004633615692353543,0.0006433945411215003,0.0019803182891058317
0.0012411312559070795,-0.001001647489968338,0.0002861481998737148,-0.008156683966722091
-0.008552182683403409,-0.0009232137150546603,0.0019408747332878558,-0.002729402962130201
0.00615369225395912,0.0040421246381576745,-0.0023229612819923857,0.014048189673409263
0.0005399018995217997,0.003365960732978124,-0.002766750434266663,-0.0062894164200681954
0.003291530483189309,0.001393875443737702,0.00269062423945976,0.00672709422453055
-0.0014715816714010455,-0.007031972720910718,0.0003327515664190983,-0.003330212175955083
-0.005124661318289593,-0.0032051103924249924,0.008182236022116873,0.001103530485324411
-0.006648352278475267,-0.002293202739292455,-0.00539671948260656,-0.009069367734770295
0.007111533626612099,0.0009252549620384354,0.003171784541753375,0.009341431790045318
0.00030283734199554324,-0.0068474568961154345,0.004906765070141983,-0.001163526607251164
0.0034042634730688803,0.000251241298504068,-0.004453036444138969,0.008725588634983959
0.004776870397306343,0.0027520918440642195,0.004141585289096693,0.01609642044743942
-0.0009874755045374828,-0.002187947298108228,-0.0041580464842285725,0.002587240292144077
0.00821147641914366,0.0075769526158739895,0.011652296269201612,0.013634934480254657
0.00533519170557395,-0.0009044686641437316,-0.00030304812417003557,0.007220337395686505
0.00386777540350014,0.006179546094991385,-0.010732683986927838,0.010104697985125144
0.0022245048465381334,0.004637095600015462,-0.0017100304909871686,0.000822498291927154
-0.0009722168853423252,-0.00033054919828900964,-0.005297583288818575,-0.005321628704018866
0.0011921328500281716,0.00182185744011365,-0.00784186882637039,0.009553716648105004
-0.0013525894865437096,0.0048302527035799505,-0.00249836859546182,-0.00944378371681398
0.00023023980485303847,-0.012176002720799215,-0.0013451869181534404,-0.013860712283663923
-0.0011564927703537895,0.0037360775546531055,0.004029948037408415,0.0038560756160812564
0.014020907935970772,0.00449918227801116,0.0012929441244964313,0.01691349796038466
-0.006286692328511978,-0.006417517922048144,-0.002811604488496377,0.013758579428567286
-0.00038405506687333446,0.0033755962548109864,-0.000619219424154438,0.002231288864407599
0.005238091020205671,8.963668618755527e-05,0.0015486560413511266,0.0091970927498215
0.0,0.0,0.0,0.0
0.0,0.0,0.0,0.0
0.004934575789106166,-0.00018180982330295856,0.005328971340722521,0.002375165151279557
-0.0017103093130970135,-0.0035871695192122295,-0.005240713141915321,0.011088488949434929
-0.016729441481390658,-0.012780460941867466,0.0040892762461062215,-0.02568500954733055
0.0018138408194179332,-0.006996898921501128,0.00654987801746354,0.004358984469768679
0.005602874738769303,0.0031134487395196864,0.0031621902576517424,0.01471582753277656
0.0048758052909860785,0.0009671244484359408,0.00877563794647518,0.010676373306605312
0.002062725089779782,0.002757375176013488,0.0065796496009145064,-0.0057129036375592746
0.007555475079314533,0.0022309938671518648,0.007644140540474131,0.00791035067207324
0.003090582094803507,0.0016036258060792008,0.004109530947977279,0.008492316774434405
0.0013473146237221734,0.0026648542864922127,0.0026810116935231947,0.00201565939058912
0.0017101844685984966,-0.005492189562151029,-0.004753836007671986,-0.0025268394646197345
0.0010794678640431157,-0.000183157030008374,-0.0010273907530904405,-0.00043161846056438685
0.006166442146509299,0.01037767894494568,0.00727257733075648,0.011979275946074395
0.005966906246858804,0.0004797716301419008,0.006686829380260218,0.00687051611895062
-0.008846227877615466,-0.005174808436401611,-0.0017819398431518918,-0.0004384650836016801
-0.0017587073197087302,-0.002198089155460048,-0.0030580741542083345,-0.0016190209360096295
0.0005931624419839299,5.771220577766023e-05,0.004685017062916685,0.011680584360769464
0.000515725743349682,0.004463614890816371,-0.009778795691509523,0.00919588748587885
-0.011260878744401848,-0.0001397808986185467,-0.014631378985971888,-0.03335348691127271
0.0009839412845111806,-0.0012515121371615698,0.003514680910330803,-0.0011352676412264009
0.00729024672444778,0.0014238775408772495,0.004396517885977058,0.007923209100520356
-0.0076308756690045545,-0.0018428914256094495,-0.0006213927095578553,-0.006006909093433821
-0.00600196102499051,-0.0046169474998868365,0.0009055966378477276,-0.0052136728830126655
0.003549324290077483,-0.0002359059270484742,-0.01823034805361945,0.002276714478764763
0.006789857917549602,0.008655289938037658,0.0049626092099619434,0.020446485453433416
-0.011968590057959694,-0.0010238756155934725,-0.007670420334595752,-0.015238767846038503
-0.0007812222191065921,0.006751435589975152,-0.00016268580404077418,0.01946585828591174
0.0039244568860583575,0.00785490312529813,-0.002448209444663396,0.003710622373937156
0.004295879387607782,0.0025612205198162212,-0.0018870510389873414,0.01208770321867192
0.0008544309921225679,0.0014803457900467445,0.0018632911114566664,0.000521033458404041
-0.010198160331796102,-0.009094944521937931,-0.012897279186740662,-0.022139972686261774
0.013718870055865029,0.006618240996289826,0.006548198340659228,0.014186072519660309
-0.007635500041510145,-0.0065212044912705824,-0.01840687675320385,-0.02206498051808825
0.00188676175725222,0.0012897188144176395,0.00045957198399837473,-6.04684508127562e-05
-0.0067009034302093476,0.0014382334613727288,-0.010011972284485804,-0.00553126167797191
0.0011180596694091438,-0.0020039285667488027,-0.004738621403532539,0.011768138664989936
-0.005273534265999079,-0.010280042052202676,-0.010404989143450116,-0.009475836231974122
0.005679714240658607,0.0002391142498152643,0.0031200904390396023,0.006718609627994532
0.003549578509632001,0.0005465986510917453,-0.0031778463789557954,0.014203958149470397
0.0012297612281240153,0.0024115085947744586,0.009061207954766505,0.00814159134097725
0.008579021327273395,0.009610144782490336,0.010821162303244591,0.013334147530324136
0.0012023100397835493,0.003303601226110953,0.002359874113762705,0.0014736793255984981
0.0023506218123090505,0.0008797352032292594,0.008114037090109827,0.010520928760505477
-0.0009640864163712461,0.0006820190471614751,-0.00045712818878440586,-0.0045091571569113595
0.003025294532831069,-0.0028680208475051483,-0.0009281240644227752,0.01552109134820201
0.008311876587064448,0.0029205789750541555,0.001062781141552005,0.004443994018695774
0.001255928166650877,0.006207590468267021,0.0023617840538106005,-0.004216182243057642
0.002472026620531809,0.001491550919794582,0.003100694662335757,0.0016140914839586351
-0.0019512940325131511,-0.0015029901152855407,-0.0005188606457919853,0.0036578806973981415
0.003307046806314107,0.002451559899596223,0.010612399465469435,-0.003222228131094407
0.0004033276287440657,0.0013691595019111882,0.0020470854971861296,0.00963848518962318
0.007939075360952508,-0.004954916252177144,0.005854909869783542,-0.00749055843844859
0.0005181484276393089,-0.0013393661242195876,-0.003799493925875974,0.005699151477288389
0.007799669009380006,-0.0008927557918100293,0.00017086790917897332,0.005872310984691875
-0.002368498233897509,-0.001991121188553047,-0.009821311143210054,0.005301863293446063
-0.003726018695972222,-0.00915540009715088,0.0010753632972972935,-0.007843563867270142
-0.0035507524474066576,-0.023275398352464397,-0.004191827753175503,0.0020812151393527767
-0.002339733013776546,-0.014547663802295554,0.0018384983040100609,0.006977777104080429
0.00010154132458839449,-0.01110505283335772,0.0026026808957908547,0.010465071109964752
-0.0005529119959191141,-0.006067089042730346,-0.0076787849614492485,0.0030902475166223464
0.004993936372337915,-0.00402092956629807,0.0021772082178272982,-0.0013105902949561712
0.0,0.0,0.0,0.0
0.0,0.0,0.0,0.0
0.005971512132501022,-0.003952492036211619,0.008220828759685217,0.0069778754776725896
-0.004106803244826818,0.002467311491287205,-0.001589707414260788,-0.0050116160650320865
0.0016502255787653741,0.0021095052868007613,0.004093323786070968,-0.0005232086572143356
-0.008078091739658344,-0.007077565628672011,-0.01662914405312477,-0.023725193739455475
0.00017067373296586474,0.0004310793705120109,-0.005368132317858043,-0.0010129766057270784
0.0028306715735217924,-0.002180584190740298,0.001353071193053612,0.008524555576704396
0.0049165006215867715,0.005027810894197682,0.006422655221780539,0.013020209131913596
-0.0038156942633887922,-0.003586431004497292,-0.004603964395431426,-0.0013390761914561233
-0.0012830573803123135,0.0025622612849300896,-0.01733698706504716,-0.002939508133861124
-0.0010210738043243683,0.0006867637644780711,0.00015467616697106834,-0.01470431463493771
0.0020920841131359946,0.002277149607180507,-0.004200555297888764,-0.002528628404997235
0.00043994995449958557,-0.0018468691415201024,-0.006329280924278646,0.005218509815950735
0.003914745487017646,-2.511228218993189e-05,0.00594582894384188,0.014501563810405347
0.004942689824024793,0.012624247799124744,-0.007811087467320177,0.009199174833227186
-0.0012267626241193597,0.001107883143022459,0.00134307767007269,-0.0004935288943018756
-0.0012940579887958936,-0.011469209098661335,-0.0009376795623196043,-0.009971964022065904
0.002053111508846905,0.0021471417547025413,0.003270731749192013,0.0038603372063503727
-0.0011914544779159095,-0.0014209625882791732,0.0002418960098991008,0.006670091304238124
-0.0030517930965019424,0.0007493052635361153,0.002513070115672811,-0.003306192573304778
0.0008169833220015299,0.014652479366624728,0.01091519515165573,0.012066004020047759
0.0031367196739584546,0.002378199541886783,-0.0012630277089136221,0.008287178730000289
0.0019832114363516067,-0.005226595718398007,-0.0022060977675389948,0.014113966788961818
-0.0030702387815954024,-0.008587232536106494,-0.0065024306760235176,-0.001689454911865007
-0.00015800850161251656,-0.005298631940153009,0.001578612129641277,-0.0015271391825171232
-0.000671146480465179,-0.003060235118165999,0.0002948014380017572,0.00678548861573347
-0.003916641592293657,0.0008392091365119202,-0.005948410886532307,-0.0006757303000657355
0.0005470322039415887,0.0001414470714637961,-0.006219085498235355,-0.003225884769219145
-0.004099260203084931,-0.004375964590824899,-0.007075251507742575,-0.00622488900978746
0.0001852098967356497,0.0013705577426363913,-0.013758800443461006,-0.0024176738446207713
-0.004657473681682346,0.003431274802968787,0.008392436390937119,-0.02171765539228732
0.0004910495960175343,-0.0038147964658891134,0.0020202468118595274,-0.0060810984050556635
0.007003839803293221,0.005921248611050922,-0.0017388039401172726,0.0034545953253370953
-0.0010840234449496222,-0.006653639766478148,-0.0022616699720738875,-0.006558480945758505
0.004560544759551588,0.006169510129903744,-0.0023739987260350537,0.0036799360008941133
0.001708585586311706,0.011939401700972407,0.005404746205879496,0.009557846340271459
0.0021023056430264924,-0.001287804264662018,0.003403527102486814,0.007964716630014745
0.00010514354028723359,0.010585475854629987,-0.0009323771494803569,-0.004590189809902334
0.002519036814630171,-0.0021413677575039536,0.005948046231676552,0.010978508602524029
-0.0013556762843162096,-0.001353675624043649,-0.0012913122340144634,-0.0004112627178566308
-0.003294508883790792,-0.004799456626095155,-0.012072469684782594,0.0008484404091435582
-0.0005727357258586974,0.001926372617750527,0.009341913489496534,0.009058509977482698
0.002238188288181453,2.3997582009327445e-05,0.0012386112826106024,-0.004141730063859206
-0.00489205496922851,-0.008459211648590979,-0.001673379892700555,-0.01256320274352296
-0.0007666831404501419,-0.0025272345940851038,-0.002376136419218411,-0.00026091001489447757
-0.0010302680495015704,-0.006919434157522608,0.000926984971747924,0.006511444908330555
-0.001027804883923622,0.0016289421704884788,-0.0028825056480122897,-0.004218754185840168
-0.0011672797291896186,-0.007150567381555728,-0.002459928471180595,0.0049491795840352895
-0.0020630411298739877,0.005359126151167626,-0.006275026075091672,-0.010605970307237977
0.002271155489831589,-0.0006025521489164688,0.004498768639532802,0.002819558017767232
-0.004255191768889555,-0.004291675475376343,0.0025131802165481165,-0.008789013515245525
-0.004025875693635994,-0.0017262963011349663,0.0035470264908241678,0.0020993515183995726
-0.002472047988468895,-0.0018052351057437077,-0.0007683555475601622,-0.008465484229280174
-0.014020572139517906,-0.007441578365579794,-0.0038361170101778312,-0.012691700425072729
0.0031421723136784148,0.0003737517998001483,9.108339447783108e-05,0.017694593885383636
0.0025956037809484744,-0.0041753447754458994,-0.020871901747562704,-0.0012310991917576786
0.0073447281354441785,0.0006775700971604072,0.019297390909139844,0.0056159361302128286
0.001382454103613151,0.009220558151708191,0.004944031966618301,0.0014636263449891993
-0.0010803600345017372,-0.022453414871895668,0.003270029474178981,0.006420415334316809
-0.002354665753624419,0.0007213122374176706,0.0003598112591125524,0.004194201234247519
0.008562418063297939,0.00856772994862287,-0.008697699377429258,0.012868800541669057
-0.0033707508935245656,-0.0266366197732304,0.008715212437625075,-0.0005906355203499912
-0.0007817844520363604,0.004450278886536818,0.01029530415976576,-0.0013825617287943626
-0.0014238261458690007,0.004891832092912996,-0.002371576017996202,-0.011289534025200387
0.00018182868180738326,0.0008755546158478732,0.0027485487968650357,0.0014508510833326491
0.0,0.0,0.0,0.0
-0.008979054352733051,-0.003417886422054761,-0.005496995430295582,-0.014812969742513782
-9.265499205945993e-05,0.002363580777129393,-0.005621780147536559,-0.00358240160570944
0.011638910410032066,0.006872170817638912,0.017611020807049016,0.0170441124965921
0.004325952906088837,0.002194582612639273,0.00023249905256328418,-0.005227162849613887
-0.0026022008283402838,-0.006144819683058578,0.0038307340067218476,-0.0066015768927125676
0.004353561985284804,0.0021299927431248644,0.0029167237699994075,0.01029079760857088
0.0015720571131865313,0.0068698061002574464,-0.002382481755054733,-0.006711803892489154
-0.0003690623308612029,-0.00010665999377634794,0.00046431420945669533,0.0003844032339239689
-0.009714706955688657,-0.003499450098547463,-0.0020322374948665844,-0.009371886264471274
0.00811152007967375,0.0018325021998106816,-0.0020633397874193493,0.002526577460492341
0.0013092280407982493,0.0035333794703429344,0.019917611938656377,-0.017637260578288183
0.0008450317077828284,-0.004037692343792476,0.004974641745493447,0.0016924353057863328
0.005808723178912123,0.001531316186677234,-0.0017280062124329645,-0.003915220282942777
-0.006966926889890868,-0.0046682862368148115,0.00747404731902912,-0.012990359279761663
-0.005089362725724023,-0.0040809036370708105,-0.011799702940277323,0.0019149421387285594
-0.00919360067136432,-0.004718140619285771,0.0019697047668227885,0.018509303617212813
0.0023699757769992673,-0.0003911760027857092,-0.008949255224211305,0.009378361365843135
4.001811310772041e-06,0.009304831496367072,-0.006297262794188185,0.004878254737732402
0.00850206657207142,0.010088441393640624,0.0006018567540786446,0.007069150737841534
-0.005485648431408308,0.0004314024600622357,0.006161398114970407,-0.00225019154254269
-0.0013363403170467694,-0.0013808472454850393,0.0019463051860750813,0.011006402911455604
-0.0011571219100983132,-0.002099268915220942,-0.004088293093035157,-8.172907816494934e-05
-0.0012937541710215106,0.003946839548767178,0.00655232432278674,0.008934986305583648
0.004131656184660715,0.008890798594010095,0.0008978836323734195,0.007729925514843083
-0.0091960451748494,-0.004364576448251278,-0.00908034991158002,-0.0008315817113166979
-0.003890457900349587,-0.0015580821221198304,-0.01025609814706363,0.0008539999449594937
0.013778924646334456,0.007402769589347934,0.006314707561287491,0.011280476287411469
0.0005436018251012699,-0.003964231129706453,0.0035432579238905406,0.0006067628138657355
-8.584938228484162e-05,0.0013067852988759565,-0.0011698510372851745,-0.0030181446507874248
-0.003360889489514296,-0.00091550486457459,-0.0015480391670876779,0.00023900373603868985
0.007424025473290019,-0.0005919228018550492,0.0007613912992341376,-0.001582664553204216
0.002196546485993212,-0.00066205093262095,-0.002753543980238193,-0.001017429582413798
0.014546379058380854,0.01504486579261566,-0.004783597233142145,0.031017308451342762
0.004657549113698201,2.7067263962843313e-05,0.0019788283028481235,0.005676280367419295
-0.0009143824166203408,0.004196483418636321,0.01074279215056584,0.004064827564718597
0.004071577074090228,0.0008232946317143773,0.0007367408538174747,0.02202271266598066
0.004472593498788369,-0.0037386790684341693,0.005085084608245971,0.003434925115233023
-0.0010275182834915686,0.00087226203295665,0.0017890783888667714,0.0007083055966194963
-0.0027527703070852057,-0.002290278185229422,-0.005720022551929049,-0.0047806586154326425
0.010540561412205164,0.011772562120238028,-0.0020627918011804076,0.017661797799719547
0.002589653078293841,0.002418104429350532,0.003807350558105105,0.002593723059629349
-0.005125876605434176,-0.005552536571535649,0.00964585499233972,-0.01196175361417018
0.008248779746846234,-0.002484634024184196,0.01365030302574155,0.008471972519260351
0.002360642858532103,-0.0007237896315659409,-0.007388298021918205,-0.0007166804364577839
0.004771188719849384,0.001870223666226023,0.00533112910477329,0.0032582968511243315
0.0077162001750545875,0.00947071933626753,0.007179155005486938,0.003236421204952045
0.0002109011520277093,0.00020216310304821403,0.0010838415595693096,0.008253159298375891
0.0014190228230601676,-2.81819070705458e-05,-0.004213843527896,0.01093139127879872
0.0008199745702828222,-0.0016901021126050073,-0.001641119847670458,0.015586652514389288
0.0052675902077672365,0.0022815466742234225,0.0004102589955030656,0.025752799715174968
-0.007570378944739664,-0.00516301419649956,-0.0107726407486054,-0.0071151792052560605
-0.0036619929442665007,-0.014503123010507938,-0.0010821248065066014,-0.011371435680626374
0.0010241426047123971,-0.003727055729710882,0.00012660627770921806,0.004307248852129852
-0.002084660598177801,0.0005451943913050705,0.0015003749104973707,-0.014409811541819306
-0.0005589915478196872,-0.014117549144669672,-0.01772261446932799,-0.02065904363853888
-0.025794226470783888,-0.02130018433245251,-0.03712579008498551,-0.03301103924012238
0.001447083322933418,0.007532837297918427,0.007570589165781572,0.017441036617794392
-0.0016891378794977596,0.0020480692524682547,-0.007242150834372073,-0.0054668881854462725
-0.026590924438258726,-0.023493466976437397,-0.02965080699271172,-0.044806333294855734
-0.0031579583327940863,-0.0009967501351224595,0.0011070516565778732,0.00897345076127043
0.015751230408956873,0.006871686201287197,0.00996218381242153,0.016197538578121232
0.0,0.0,0.0,0.0
0.01833923745607602,0.014345859770187541,0.006289366207029135,0.020123471346176203
0.02223571211548081,0.007007059995458143,0.010304450395253628,0.013289949660619804
-0.001453325876102807,0.0006127390737649119,-0.01687743227847116,0.0005176763741232547
-0.0025531783002370467,-0.003856720873132158,-0.022478812565144723,-0.0005125644254782014
-0.0050561063279982435,-0.005319042968912724,-0.012824986135672513,0.0007351906046846324
-0.004248722442660613,-0.002516487984923099,0.0016262577128467461,-0.0006760305931147181
0.013610162561793704,0.00586224521310097,0.018407619717453416,0.01652566764376795
0.003984307138607868,0.006145402542227618,0.009546462702249237,-0.0014123395947251982
-0.018334773774105417,-0.007856188088782967,-0.021109853230512843,-0.012553980935349762
-0.010668243729298643,-0.011224233302121632,-0.011476841883086508,-0.002809681879641146
-0.008891875311906827,-0.002514028602549012,-0.004376062720178764,-0.010229386516684369
0.005818918418810881,0.004593098400837103,0.0037872656600299592,0.004037412739934521
0.011058903400713804,0.00999665735050681,0.005790483982692329,0.007931521336490555
0.002313860950559077,0.007758845343126986,0.003531164508869811,0.008665479217208727
0.0031813715932695885,-0.001636950961390604,-0.0025101158573431763,0.007709642095134139
0.003682616857046295,0.00010588469982875104,0.003420036210832533,0.00716789276273655
0.008934685079267313,0.004583036789858719,0.006095663249191086,0.020985898473189213
0.0022168385065799434,0.0008234869228815889,0.005385235528263754,-0.0025747458634839404
-0.014821760358338487,-0.0019280320490953073,-0.007091530596990747,-0.009928453410724236
-0.006479488639423381,0.0005685984064109918,-0.011130696389705985,0.0020499314408235487
-0.004813702084459971,-0.004520605723726257,-0.012432824229308248,0.003954941025432922
0.002788045442913223,0.0044632859570785674,0.0003682263690452103,0.000616937806519946
-0.011523246145253685,-0.012462422348462844,-0.017947889037901118,-0.009022906160226274
-0.0033590804785031962,-0.00733367013259134,-0.007543980361091606,0.0038564839082166897
0.00539987788842855,0.0047424593742557706,-0.013127198789309348,-0.004043315737888964
-0.01778735118857233,-0.011646903065605785,-0.02307928599496023,-0.022191756611198987
-0.016558546236454363,-0.0105304243780181,-0.011274353886688515,-0.00971587822402431
0.007619640267444438,0.008755765307214114,0.024916781068583305,0.025326474383525092
-0.018047263667965833,-0.0050192753673874435,-0.015414817931165168,-0.02426802025750741
-0.005905426371714095,0.0032758461827335768,0.007455124846625694,-0.009909037192331159
0.011995527951077278,0.007800994060970899,0.014097843521911237,0.016626721378438347
-0.02219752673391584,-0.01651733201337524,-0.03052119758631588,-0.01969889495067889
0.0050248842645135286,0.006822899307668218,0.006222627576571771,0.00849932087496552
0.014780997111145,0.003620537419797287,0.015293525418931031,0.00601753022501561
0.011386272175319291,0.003219529369408836,0.0013328273640078605,0.005186843426384424
-0.015900600862849168,-0.011251312702553641,-0.014487139303540062,-0.01485624784833972
0.0007763487159337945,0.002365243890726898,0.0018692169263156977,0.0007803328209143867
0.010863851236067036,0.01695590934679836,0.008524546767632923,0.017408223797732658
-0.0017621745579617933,-0.0017900688615796192,0.0008307878431950133,-0.001127268690113814
0.012033927796309296,0.0021023927586591995,-0.003495502627763769,0.004801937747057172
-0.006960529676219962,-0.0045901642707590895,-0.0020653993678135807,-0.005448479939078821
0.010799899260518496,0.004190958648961907,0.005940424506318598,0.004472963545851361
0.00693335242736426,0.0045473410264280645,0.005965175290161717,0.019043715527718108
0.005770371507481498,0.0028091725183703176,-0.0061387582431031715,0.005043426538787976
-0.008605547659853774,-0.005944159985777797,-0.012693368065058164,-0.00030550804615647737
-0.007810464543268947,-0.004989514901733383,-0.018703049258740445,-0.008744310101666321
0.0027672575376491704,-0.0007894141291400202,-0.008145871320794917,-0.005841549059313666
-0.01046661080216338,-0.0027914718920178942,-0.015645309157984566,-0.011288906099685136
-0.00019860701064877692,-0.002036182967385836,0.0030212286180322234,-0.009719725379401023
0.007126943820508379,0.004415742519415789,0.005723550744288097,0.018663551418549584
-0.032711267191983806,0.000141987903322649,0.001663209703374413,-0.005245444081749873
0.004538210927962805,-0.011805950835803714,-0.015002489060266357,-0.0014349060348231026
0.008046224834554083,0.0011565987635109296,-0.00623057610561184,0.005325963028898428
-0.007923024435831372,-0.011448097647713595,-0.019454201239926583,0.0001307839328812399
-0.0055837317434026534,-0.010605918445073305,0.008883143132743188,0.0008221768615728209
0.013362816576296456,0.006909270749857478,0.04263746977917982,0.008793980101647003
0.008047081341413742,0.0029942300226415424,0.010427937248818964,0.00895350285743568
-0.003792528457123301,-0.010821455606481513,-0.0013543402178284314,-0.0009460812103208037
-0.0018443809417807433,0.007309290488326736,-0.0013410120122161473,0.0024383583494784755
0.00972262863284157,0.010401191963426148,0.009593633613284249,0.004004602177815286
-0.00471666905363044,0.0009820672892257851,0.0026244948369960053,-0.004124584315438717
0.0,0.0,0.0,0.0
-0.0007258951883974963,-0.001408825108695111,-0.003189486953489307,-0.014605918255618187
0.008637249681500814,0.006244379568701941,0.005479526715449046,0.004309951740359086
-0.0019554898482433414,0.002523886211389881,-0.006267142670329573,-0.005139770311048286
-0.0043573402816528,-0.002672472260554448,-0.012831894791676124,-0.002211908523413797
0.002503393715479696,-0.001195254097047016,-0.0011529443740153633,0.010369938945964163
-0.0023452003618733568,0.001167786406650828,-0.0002396535730574412,-0.0024545894372361987
-0.0008987072156005914,-0.0006585518866333295,0.005061831069750332,0.011107732371512968
-0.002159873152032809,-0.002229346114216879,0.0008800720205921486,0.002245333980654074
0.002145932354410851,0.0021602180693875983,0.008299491458894527,-0.0009161259763232898
-0.010713941209261169,-0.005302890803479786,-0.00937257424091753,-0.00961272450128603
0.004652898224695612,0.004130648150903582,0.01994982282837809,0.006913615085951229
-0.00805371126307386,-0.006034103057747542,-0.017406959479275952,0.002284162136863221
0.005212253870950034,0.003764353989931024,0.005158080335660564,0.013489740816404305
0.0059888733839361654,-0.004368053956991136,0.011073345995684214,0.009576615680670251
0.0007576304156247106,0.006978316110446414,-0.006192382627850601,0.009552662425561964
0.010718273470438522,0.00991509340571195,0.004335301458181728,0.010587474761752702
-0.0009234858488313957,0.009195054571537352,-0.002086221153068446,-0.013633639512570905
0.0017949559480165964,0.007805124791907536,0.010082633794292528,0.008574665712652195
0.00526534631214437,0.004533725494172636,0.01613120969511384,-0.0006087303092651153
0.0049783202936295465,0.0004311057876167368,0.0029661503921774024,0.011772977917354766
-0.00611832591411421,-0.0008561403361970754,-0.002114850627874976,-0.0075633640661074706
0.004935603913210906,-3.861006278826906e-05,0.006398804777116851,0.01852910596250568
-0.001877619651014517,-0.0006264075459432307,0.01129137063615504,-0.0070208252275894
0.00031072073947502327,-0.00026308913843653414,-0.008114913723238248,0.0027791427562597892
-0.0034627697571553147,0.001863549205481041,0.00982099851781282,-0.005693140610880665
0.004406307520162135,0.005694583102125117,0.009543330149738738,0.0075168411750963235
-0.0053831736101841434,-0.005493709159321236,-0.007409624698691997,-0.01142756597318595
0.0034064307371257647,0.00496618684793515,0.00690296220405795,-0.001541501176619997
-0.01434221455654794,-0.007227220951238178,-0.004659696965261585,-0.03026965993782804
0.003499301677307276,-0.0015912855699516948,-0.001814456583821844,0.005345281427860504
-0.01085369940031333,-0.008075297299037332,-0.00906873477652026,-0.02116958754395704
0.004181085089276504,5.792955316485938e-05,0.0023983514828909147,0.010387579375951141
-0.0006925859084643271,-0.002212308733195112,0.0005399385495616915,0.0009169026904409793
0.00015026003498697094,0.002083286181036259,-0.006129573280239886,0.006801414371679915
0.0007530720347461718,-0.0017488607479899665,0.0038526893253845174,-0.006875760753599747
0.006601184401277438,0.005279530402766852,0.014715935818862437,0.008480628841523563
0.01264331476344793,0.009595078459257778,0.0074225859002994285,0.01464222452436914
0.008679933692042896,0.005255837826605658,0.0004905751117563195,0.0044544868025913065
9.735090013673897e-06,-0.0016920341896727866,0.00045680519966606603,-0.007234103574662477
-0.00696491098329155,-0.01010242958150509,-0.0060401026792927795,-0.006874109793486682
0.006349034586335511,0.0043750926918868505,0.002512481808402578,0.010916552935339665
-0.0010318922271076447,0.0010248105433197097,0.002660081866155073,0.00028334014471442787
-0.0008546635062638419,-0.005462147740111112,-0.011606273592933423,-0.002055363872091931
0.00012996114705088324,-0.0024242102529565823,0.0046084119052574035,0.001477298127765092
-0.00011823952665657168,-0.0014672417602572538,-0.012126883085381568,-0.0032268452219177397
-0.0041760699277006985,-0.004655604187956408,-0.004324551644358965,-0.0076756966181344985
-0.0016121318576650667,-0.0016952669684223711,-0.0058977706913841965,-0.003937290587360698
-0.0021181189200844,-0.0013903519068328984,-0.0022873262740245037,0.0016665973676130985
-0.005100061135056899,0.0009250244850127488,-0.007629645198018786,0.0009831064320657834
-0.0010949916378339974,0.003550778509086028,0.003487330748127793,0.020241116857608654
0.0019380216373972024,-0.0030435910276164213,0.00680209499917428,-0.0211188880879446
-0.008905483429793692,0.0003726351434487629,-0.006623024830247347,-0.014416878560810196
-0.004830185824816424,0.0047145503349035325,-0.0023089837299197224,-0.024583601979130232
0.010458211606827694,0.005690295888443053,0.0013620965651006678,0.004780188502838456
-0.015330128550594237,-0.005111716079704287,-0.011222654726454784,0.000135199594355484
0.002426890145631244,-0.0009817326799987924,0.0027289708840456672,0.009181035244326452
0.0017961943625666164,0.01362991570278993,0.054424970990310406,-0.0017071294137110948
0.006661335399468893,0.005636241770461847,-0.021611462222442257,0.008851738969798628
-0.0018678219503058813,0.0033629654641400553,-0.00819763603714141,-0.0015678367561140494
0.002017571121623707,0.005967196021443355,-0.010245895846507593,-0.0042211668085712075
0.004563216029375815,-0.004652435113765341,-0.004623110536388975,-0.0015897921495776626
-0.0055776095042764364,-0.0024461362878049893,-0.006300128501807278,-0.0165371059314745
0.0,0.0,0.0,0.0
0.0006927269292613669,0.005705262560219859,0.005501230595829743,-0.005002043566892267
-0.011541168284892487,-0.008253640903851167,-0.005882282282862915,-0.01935522823077962
0.011323247583709728,0.004126597738954407,0.021862528183706376,-0.002615425087784007
0.001458048534137335,0.0037353713354033595,0.0100697419673359,-0.00930630844026814
0.0016514079133886914,0.007360384071836146,-0.00032236013689024284,0.009379753090803966
0.010694590015936534,0.006843898257620662,-0.007703884619280955,0.010367998491463082
0.0011317218829265394,-0.0027843734940044,-0.0040949595650384705,0.007464518868398828
-0.004627970621473465,-0.005066368318462633,-0.010323844031154937,-0.010097519676432907
0.006674302948825428,0.00422861222635218,0.004690886326091714,0.012350342674829484
0.005238190255485442,0.0019958705801674803,0.00863879372142673,0.01959032835674601
0.000646080475171118,0.0012355799637433493,-0.006537132029640014,-0.005676908335817577
0.0035779421325641274,0.0027762667647253107,0.0062336247854528634,0.0018787921144431954
-0.007327611560470902,-0.0019271312083709578,-0.01617445921232719,-0.013139368197211064
0.003071817954914513,0.0007518961029824299,0.0031176101676426704,-0.000409927502484031
-0.0015790007564637776,-0.0041591360461323825,-0.017687775654080085,-0.014064885019449023
-0.006677076055046194,-0.0018991734919434624,0.0003066478851021514,-0.04084700767890137
-0.008370282828010667,-0.00437283207103456,-0.002910687366460496,-0.003521929724459971
0.002157313823708318,-0.0008617465014520986,-0.003002815062459252,0.002302919186943253
0.00455247901768141,3.62956618598087e-05,0.008984016451913934,-0.0013462208485077733
0.0019533264736444345,-0.0042874960097500905,0.007188891335372372,0.006222004032079065
0.002715207331690284,0.00998434642256152,0.014784923140622519,0.0038803177817081647
0.006199692732697937,0.005500948151643037,0.00757069108996955,0.006022653546335022
0.004330411205606399,-0.0031472678570872987,-0.004812894419437996,-0.0022566899007792074
-0.00765702180321559,-0.006063883745593413,-0.00878657270173544,-0.021380487576753367
0.00713578642046131,0.004386624538974981,-0.010175468677581678,0.007880711108140925
0.0021234096987843287,0.0026727298079747275,-0.001223449471872251,0.005440859269782772
0.0044272233446502884,0.0062026806893409345,0.009847358503806136,0.01143063565281266
-0.0017242490236488715,-0.000370215863891854,-0.006488570206529154,-0.0014848917568850428
-0.007073149385590226,-0.005287223052095724,-0.0110713847128725,-0.003208576139481556
-0.002418887068293407,-0.003652529768253032,-0.011873710551765893,0.004900253819282385
-0.005042602091560378,-0.0025454825690907072,-0.0067726214719406866,0.007576037259142466
0.0035268641204164726,0.003482305139706155,-0.0011431421452552384,0.005109456984111249
0.002185999481846057,0.0020452628483906827,-0.0014764537875477937,-0.0026839094215281856
-0.00404589989561166,0.0002508813920356623,0.006181070355752104,-0.005249712633441983
0.0015618134374351114,0.00521383972254319,0.0014704350511609565,-0.009740844662098014
0.0025745181017289287,0.0014556101397438235,-0.0037722579448735694,0.0029834842802145545
-0.010205606033459548,-0.00866251967902987,-0.00406929087942709,-0.02745843311785634
-0.010609217093960677,-0.004302826239727553,-0.0006838080813316161,-0.015004371333451784
-0.0032684941446244893,-0.0006709519716957546,0.01389008423691207,-0.008057520629305094
0.001612526367420486,-0.0006487808613754309,-0.012481542893821085,-0.003110534842468149
-0.02934308237236527,-0.0109697304171108,-0.015192721180025346,-0.053816120281321655
-0.012847263550375687,-0.013790454673186623,-0.02713086827268818,0.0014848209948148394
0.010740854098178376,0.0062811391791781634,0.00928922478689076,0.03126234028042707
0.0015870926411105655,0.0027783514853574327,0.004125124007786861,-0.00476775838886534
0.02117650770260404,0.01332782456622561,0.018882885583560327,0.032057964997970645
0.009851947574398556,-0.00043543578381355363,0.01047471647570286,-0.007346869522451781
-0.010673246483467458,-0.0053355410325681705,-0.013776319712977658,-0.029240332570656506
-0.01477258502653944,0.001980151494736848,0.0237418811825516,-0.0100303562800782
-0.012041518255137551,-0.0052047136712466404,-0.017305171356688964,0.01042435320188706
-0.005790486994541655,-0.003995439761766306,0.003268764670131485,-0.0044785168295427
-0.029192213324760963,-0.03209942831322432,-0.021168939821991528,-0.04936963562990415
0.0215495016937064,0.008035758072109989,0.008064186500158499,0.03954845857349154
-0.019403557909404626,-0.00771786016479714,-0.024951169076115054,-0.01504327024862562
-0.008862569304325163,-0.0005392257408485257,0.00959667215049187,-0.0266349843407645
0.017068602964736446,0.005053451246334273,0.009168340539645436,0.020352493182622663
0.015615495394285084,0.005791195864119691,-0.0024825043427052496,0.038588798780660793
0.015545460414422731,0.022372155514067904,0.022348371056692518,0.02018461566244234
-0.0008782597778753676,-0.004116395786917693,-0.06390593232880926,-0.012466483120162077
0.002988102812451876,0.0017820771447052406,0.0226998785854291,0.001978217155563789
0.0024186983009912844,0.01875382309286855,0.014526704478952325,0.0016943051145668073
0.013337360334213509,0.005448990788565089,0.011901555297371136,0.02683649939285604
-0.010045279102325888,-0.004841379756939657,-0.006051663515695083,-0.028507063651460607
-0.012145396175643808,-0.006837611024558932,0.004150016649108634,-0.01863884078739131
-0.018183827861216303,-0.009606380428554884,-0.010553838537894268,-0.02155893072893844
0.0,0.0,0.0,0.0
-0.0019169489215353774,-0.00830446621629122,-0.010577361081709702,0.006289176767772853
0.00688645645046293,0.006806384573337486,0.0009005689365682024,0.019773254762914142
0.005377193243714773,-0.0002107503553873125,-0.0022110248944868798,-0.009001079156664371
-0.0172766950636567,-0.012187312272685102,-0.009245731609394127,-0.048750204991354185
-0.02221516894486586,-0.01630615805321467,-0.018707237986166025,-0.017058872273887582
0.012991497755632464,0.009498028495389388,0.00908591507795542,0.018122957681815155
0.0017199877866092006,-0.0007385348062716178,-0.0011309970770422286,-0.009679747516476713
0.017137015274625078,-0.0022143768179496703,0.00714136194278181,0.037716637413033334
0.005143439265718364,-0.0008011994446990299,0.009636225508482088,0.0037219582074690116
0.01474809568908819,0.01372294000330232,0.0037497507487969095,0.02796178552664741
-0.0006317140814112722,0.0008084448829130952,-0.001969010342863231,-4.1736349373433505e-05
-0.002263526762229073,-0.004424467085050732,0.0023905934112964373,0.0010828291768540943
0.0024026110722723537,0.0005301825893797574,0.004974595743989729,0.022943333717377005
-0.025609522512443417,-0.015528236033324537,-0.03025432370069492,-0.03794131048025229
0.004427482287360007,-0.0013124886554689574,-0.005372782573607071,0.0076610599388711184
-0.01990168274405657,-0.012730064197972957,-0.02269792985514385,-0.024372293960964183
-0.00985440769730872,-0.004736048408402471,-0.007709239833999405,-0.002190218718777781
-0.0016859504789149546,-0.0031644704885670505,0.0006114649837194452,0.0012622273400104687
0.00912822703419458,0.008147170473933095,0.002797620213604413,0.017474871150531257
-0.006230765195938237,-0.005056075931605397,0.0004762474237971493,-0.004339990288356521
-0.007269209379226259,-0.012272963950992866,-0.020367144840965582,-0.015390699433727284
-0.020118824164694904,-0.00983681154421534,-0.016709098911715237,-0.031662952118237116
-0.00336609463965698,-0.004434381597748116,-0.007273261541912213,0.003683733125097843
-0.016730936718346245,-0.02125402331843851,-0.02055886502901738,-0.015881346122785245
-0.016672784173845656,-0.008347241605965006,-0.011045183477194407,-0.02546316304850782
-0.022719710074979197,-0.020979601650152783,-0.022569593410260547,-0.028892379627692973
-0.019152321392093108,-0.011785940652535576,-0.02916529805876112,-0.02018096741565956
0.042976856380452455,0.029338060797927223,0.030958017343518437,0.05990873102736316
0.004183800905909196,-0.007472279963052997,0.009148608379345502,0.004813197818230863
0.0011448153809039407,0.0008628176998806136,-0.004019363313438995,-0.0061780611089719
0.0070589775633920215,0.005695022222804047,-0.0040835962824744545,0.0056957122904415245
0.00602655702367616,0.015429101592371984,0.007880761326088281,-0.001553516777374031
-0.007847805221634974,-0.007403227695160885,-0.008477709865867933,-0.03205291842712465
0.02988141249291298,0.027031659317464873,0.03356032870388126,0.061341261344090015
0.009051443647673851,0.014474526781223409,0.01411109840660174,0.017184766514208416
0.010759764672161332,0.008050164280441141,0.0015437655976402453,0.005851461700144389
0.00862956328484521,-0.0007997282666609706,-0.0005343848097381088,0.01978783764314307
0.002869248956018477,-0.0003879258000246688,0.007422834117905896,0.003162938292108564
0.011189741475398751,0.004231628670805954,0.002050705238359374,-0.002151893358983248
-0.001998812844672737,-0.005161467852423884,0.007797649465357549,-0.0012533995979159276
0.006396735631367001,0.0028514140568789426,0.012878778172375592,0.02156590644391509
0.004426131525724353,0.0006457383903224477,0.0056571463293939575,0.0043541183977042755
0.0036672720027370884,0.007093387858735145,0.0061091071969605615,0.005210365390994953
0.004605311400046164,0.005346024985507514,0.009284613760543792,0.01397430317088455
-0.01437124332902451,-0.011829806838208556,-0.008773857533629914,-0.022135678107699897
-0.0005203754139753158,6.265124082194261e-05,-0.00023972214661716065,0.0018974144579568808
0.005937358854003705,0.00714610135382321,-0.003747984002294924,0.01217636596258398
0.012897186886609235,0.010721595066177423,0.007475595108699995,0.02118995644715249
-0.0007128949067674029,-0.0038583158924014867,0.0020473886062466477,-0.005807228174172453
-0.0047868516741415,-0.007697444954024801,-0.0003124906214998502,-0.007686680253349065
0.008519014711551476,0.0105214767522106,0.0015556694592175901,0.027241883952477952
0.02880118218606098,0.0075981982750084045,0.01880279677521424,0.014584268636705922
0.010911437429214521,0.0060058299050373964,-0.002555570237977034,0.0018096242345730926
-0.0005143054690184279,-0.0003472787007241518,0.0024415291404606965,0.012529004960408765
0.005616207546426999,0.004596769402108736,0.006945712534450975,0.016791487773139213
-0.0009838758975978523,-0.0015902697132279544,-0.007604538189631026,-0.006489709304609348
-0.005301009152912761,-0.009291245930654446,-0.008186748238403263,-0.02349143217530192
0.002839904776795299,0.002668025989960743,0.0022756778720598447,0.0057388974311036725
-0.000991148628963101,0.0034654549080399555,0.0001295546106294676,0.007071626572570322
0.0,0.0,0.0,0.0
0.0,0.0,0.0,0.0
0.0027954943833679025,0.0019867286640418147,-0.00438081041741456,-0.0039865452393594855
0.006410423300310608,0.007684442795678592,0.010388869714152316,0.0059639170283412035
0.003436864633594272,0.0008964918470641957,0.002877195623274486,0.005297558672691549
0.0036501173732585994,-0.0016896330005933267,0.005368630389475104,0.003833474204779863
-0.0014008593550209893,-0.004179727370719921,-0.0017169329136275113,-0.006759965184203853
0.0010111408287440948,0.004447318073800721,-0.13981969817201345,0.022028911765199943
-0.0022423245671645553,-0.003639444539802805,-0.009525103191136973,0.00535817415165596
-0.006030256397158706,-0.006117630994392775,-0.017294107808948578,-0.0016173241015495776
-0.003738533217298001,-0.013565640707087212,-0.014170033389795169,0.007531696563710888
0.001145543104977165,0.017573104188802983,0.0153755874635495,-0.00538724976321292
0.00529167269245745,0.00622676891871321,-0.011270431448536566,0.00659318628332306
-0.0028722482327970806,-0.0028613618563922967,0.008612022886173909,-0.0011260341882660676
-0.003056322014676427,-0.006115486410295801,-0.004871187404435817,0.00779501945361849
-0.008325947871218653,-0.010320531254045195,-0.007947586097280301,0.0007529680466700218
-0.007840795253366006,0.0036315519341481033,-0.013210160333660514,-0.019471193982188103
0.00035009131852081765,0.003437409054610318,0.004437279172536446,-0.005996404886239426
0.015435100412043878,0.005009385696620017,0.005323855961204328,0.01940108086266057
-0.00017992570293223764,0.0035143029901680838,-0.002000587620421768,0.0011993393695828305
0.0027236847314233703,-0.0010744012605389264,0.010081580109036814,0.0011270387750870194
-0.0002754879698124713,0.0019524459299524726,-0.006597195487671348,-0.008241490456194489
0.0032643060354700104,0.003947799656827789,0.005448739571493277,0.005082724562221364
0.0066917499684509,-0.0002631076153069012,-0.00029169848045784713,0.0029914629303779967
0.00015387547712819585,0.002039539692283654,0.005608489606040434,0.011595641449648976
-0.004682776252220132,-0.00447232743383974,-0.007398685522526205,-0.0004035281172232175
0.015108602992484288,0.004746352601447512,0.018897917844559853,0.013332984202319986
-0.017663963791211712,-0.013697920961199372,-0.01674487079644427,-0.02822963253351274
-0.003330150651474573,-0.00042001968567395576,0.0009715033589017263,0.010736800044363282
0.0043869217085481535,0.005640955786481383,0.009190316800934406,0.005378055031502571
-0.003993551773045057,-0.007321379655556681,-0.004277714780236974,-0.006040575732003561
0.0032161937982122524,-0.006963165827065465,0.005932333914540511,0.005963608652319152
0.00139229526815976,0.0030303527196513524,-0.001276721252198909,0.012783272730143793
0.008999531029756591,0.010072853805209505,0.00397240047124381,0.013181982163713135
0.00019322987404435388,-0.005619134233625478,-0.006623129005564832,0.0011518363982541135
0.003561651159036616,0.0013046178196129965,0.005193188543537897,0.003251812703367607
0.0012545590766466221,0.010629643093065244,0.008458654432732304,-0.008037017348337283
0.006880039148138506,0.006483836787233964,0.009357385605006874,0.006127519892584532
0.0004827646618652537,-0.0003101929491055033,0.00015266485787757134,0.0008406162996810185
-0.005657423143853868,-0.004396178953767316,-0.006536248669999245,-0.0024973908033333325
0.009807689211379422,0.008366442371286142,0.0029117517582366577,0.005268557743590474
0.003406255496659183,-0.003958569268566747,-0.0006372765155165937,-0.0004963796592171166
0.005662834745949974,-0.0011648506455798069,0.004216964067625062,0.007315618349390984
-0.0014219750926581787,-0.0011562929538363464,0.000397904838832952,-0.010492326227703021
0.002699393557202612,0.00038815954916060486,-0.0008309535029655812,0.0008366994912856196
-0.0028967397718483445,-0.00646716650672885,-0.004409485527313017,0.003222156994481029
0.0014479147869519426,0.0012218115295732355,0.0005815485947355813,0.0019160720186994773
-0.0025857241772120343,-0.0073326511418393405,-0.003640215591685925,-0.001087770487441575
0.0071673497893243185,0.0034845955775555377,0.006471748970070967,0.013277609434661608
0.0022838880923825573,0.0010086157594024758,-0.003999883535129256,-0.006385800745489445
-0.00028487558494483256,-0.0012908276532610508,-0.00515315090628521,0.004847775399106302
0.008149450843471406,0.00916168184386179,0.012354863255353177,0.010433874722177938
0.0012543509660092322,0.0027191666169623647,0.006250681653574564,0.005223264993009735
-0.0012945169183047336,-0.0022114491914118073,-0.00025925206417687363,-0.003701940928096836
-0.0058470514618311755,-0.001341190762648825,-0.007936312572019544,-0.007832996998853647
