Algo 1,Algo 2
0.0040623899038395965,0.013285047859202807
0.001856653527175445,0.008283771193849775
-0.005011641725495161,0.005668108528444865
0.004406054730592149,-0.0007354920754258352
0.004760098111486001,-0.003761279059238365
-2.8236584441595006e-05,-0.003841129406160981
0.0019173935356267715,-0.0008143888607544563
0.0010840264294560498,0.0018306830134896964
0.0009220495467447564,0.006869710025412215
-0.0063033411754054676,0.007228216204864131
-0.0008528868558436872,0.003988947576781745
0.006397620886421567,0.003928499081696554
-0.004532259262218115,-0.0006147431802631352
0.011861275097833777,-0.00938909409881114
-0.001321402869643936,0.006322459050504334
-0.00021271812577845192,-0.0003335179834055583
0.007136136430268795,0.004594924514057744
-0.0015836216300565821,0.0052421591318199895
0.0018174824626382632,0.007710392939257293
0.003299779428118713,-0.0028338267035524127
0.0013577194261448044,0.0031250951868598102
0.0027818636553532845,-0.012257574036568191
0.0024881253574092427,-0.010457268201887072
-0.001880924722077445,0.004427119776971335
-0.0011531534959454293,-0.011213780405347144
-0.00036581936712898073,0.0027801397669089912
0.0044603221215334405,0.004614064755532747
-0.0021063883898672572,-0.007798816212944214
-0.0031863350549020805,0.00010923873470359373
-0.009029619474488049,-0.008056234774919178
0.012265244833335312,0.008167202519394087
-0.004785684737446068,0.00017007581264343047
0.007619713513634223,0.00415289569809441
0.0021532885567249545,0.00010891207016752078
-0.0024857972959861853,-0.002871512335146245
-0.0034659663762372428,-0.0026411640632353693
-0.0089519282231263,-0.0032856980644952066
0.004511134113163538,-0.0011742277757999173
0.008790942606257702,0.00016439086283371365
-0.0014077209495477786,-0.01620645722679358
-0.0008597108004017385,-0.0036132451880651227
0.0006889860058863558,0.0005876221785659446
-0.002205733099687282,-0.003919587836394373
0.005692063266995197,0.00384910993192493
-0.0016453692082982671,-0.004516224483090396
0.0013194725986463115,0.007735458680477932
0.00021377692339886664,0.006613593653962721
0.0051435080172434425,-0.00422665863055524
0.0036634823894547077,0.006931657910925497
-0.0024179365594439593,0.00029804003775181314
-1.796604559971878e-05,-0.0002618733308066752
-0.0049576343378147395,0.011767294203932046
-0.0022663626601018127,0.0027420819101058834
0.004074905107816432,-0.0020019474825369067
0.001834269611793136,0.0020101921825866178
-0.005166262165550783,-0.00023489439552943766
-0.008966484296042876,0.0052418813385942216
0.0012203827828643895,0.004719195683526575
0.000842947700061528,5.306289360048227e-05
0.0017088433846949927,-0.003042685705363213
4.161574118894274e-05,0.006066451745987495
-0.0052227521807819855,0.004213513442744724
0.006050495360124312,-0.002217419029543484
-0.002193134040343712,-0.0016544619517980085
0.0003790485857775713,0.0027184944389710237
-0.0025106675378190496,-0.0015818411917747402
0.0029972634628351626,-0.007669799305563134
-0.006098304737406984,0.0024293199163701435
0.000753773121725085,0.0009625809317649975
-0.00144795226814445,-0.006618516302742797
0.007319703707367281,-0.007406652890983715
-0.0006233255944013388,0.0036065638286166095
0.0020879642830310945,0.00046808213306445966
0.00028267577705596257,0.0027274743998529825
-0.003286979830210564,-0.004640941768575017
-0.007845707973418744,-0.011880192068018757
-0.0005115762524437303,-0.007547696203287077
0.005868846758005793,0.007243954223810366
-0.004803681175162073,-0.012140832432482129
0.0010268199284051065,0.006475392845150178
0.0004963041341547966,-0.0011071296993720023
-0.0033698177198608643,-0.006097045461376226
-0.003134670973839944,-0.012948902414193214
0.002350980833108359,0.004265875651002368
-0.002848754727740389,0.006642860282598525
-0.002876430873921861,-0.005622242957997785
-0.0012776852873146519,-0.01466284663687044
-0.006380638979717936,0.01032486536143125
-0.015838732133130137,-0.018759904183276062
-0.012611840914160555,-0.011751877121106213
-0.018528184911201773,-0.002008773391986897
0.0007022235588284308,0.004501001043274465
0.02161560579141778,-0.0009768041861381183
0.0982461777779273,0.08373401048857977
0.021664937714557717,-0.00027591816628143843
0.0050372944301364615,0.004896951989853836
0.021417929997635414,0.010815147618067943
0.0010178626446067374,-0.009479094468763851
-0.004327490744190508,0.009967348007278371
-0.0027091679821163238,0.004100342255049822
-0.006417813274821411,-0.003192453552526745
-0.009267894883368296,0.021133042702987867
0.005523323059565875,-0.003314336921744327
-0.009940459704915474,0.012765700008037452
0.004943082658218018,0.005887658734363943
-0.005807726612535453,-0.0019695073333629264
-0.007911254554257471,-0.0021844261974631805
0.0051019778014252965,0.0004734688562358913
-0.001446846148312991,0.0016594144976117382
0.016686127228039492,0.0006036195253431994
-0.006627333740907574,0.004024973383370929
0.0044628714090015065,-0.001106891404075573
-0.00032352593151346946,0.0029718331661815665
-0.0044474005936493075,-0.0060874713420364926
0.008597469082639218,-0.002352161103152586
-0.0046568782353364965,-0.006084840810077427
0.006137027746104437,0.0024748986250978646
-0.003073948104575011,-0.005861019517688791
0.001404838197083976,0.005298479044379318
-0.0009987721343116688,0.0034948667054801965
0.0021825476704901686,0.004873510131684211
-0.0004441176969326361,0.002514064276428913
-4.854397162287922e-05,0.003768765076821007
0.0010516263602920843,-0.01690757850086768
-0.006521135662595243,-0.011823793443086015
-0.005082590287847688,0.00860013744705905
0.0024140707011325838,0.007579151304656472
-0.006519726438537746,-0.0015100398067872751
-0.007698470751065548,0.004889203067969567
-0.021522113052375204,-0.0073822058863898515
0.010578675031887532,0.004409637286843772
-0.016031929743553594,-0.015021027811933471
-0.0029053972047924483,0.0011015687272078708
-0.010493471357254845,-0.0061980488293569705
-0.01610829270664693,-0.0058098566569248205
0.007826554547069476,-0.0042537846644147385
0.0180291286246456,0.0178456339093186
0.0022004171617791123,0.01415337572003004
0.012335796827060827,-0.0018399931010982086
-0.0039162171363488615,0.006939786821915368
0.002465630917868923,0.00015786050986605504
0.005568027572412729,0.003994110612431752
0.002959044730455998,0.005727678693227325
0.0015273941331909345,0.0017628831847811663
0.006072476385695125,-0.002073531506539755
0.008769902740227034,-0.004627705715107049
0.012827863415690541,6.0514219296319924e-05
0.013711552537619395,-0.015621225807117852
0.002306611837543382,-0.011983665109465129
0.0034733250812001275,0.009417582032414998
0.003680680545733436,0.012869600918599988
-0.009436063158051223,-0.0018813114953076374
-0.019423143269161024,-0.0022816899310019157
0.006974892739616764,-0.003398635675329661
-0.0012039023721243307,-0.0030583548222872198
-0.006852334803841079,-0.009003778319076308
0.002841896499914332,0.012121413351400444
-0.012211429694168495,-0.0008329190667121845
0.0091594271257458,-0.0015644624843056743
0.006734655371295389,0.011475534875053863
0.0012282288956019815,-0.0009072238599767255
0.004747549762031024,0.007823671976839594
0.0010988694934137198,-0.0024411560006018986
0.0005562194168557359,-0.014038692175795543
-0.001772237841391841,0.007040394714559224
-0.009664666163837043,-0.005807030674854115
-0.0008189591156249386,0.0088252724228767
0.0043732147688078605,0.012170462789431496
0.003917955344822541,-0.0019520208085681973
-0.0006988264526485606,0.011525850408409666
-0.005235333375639095,-0.004095121384003935
-0.003056944302929568,-0.0031890062196037053
0.002668416938392397,0.005039693850277415
-0.0032093006950822517,0.0007530668532108894
-0.0006692816229298767,0.01081547466207372
-0.0012647111480689245,0.007287516619240756
-0.004024054530545733,0.003001791521354657
0.010278774370813806,-0.0011174388738470818
-0.003966624856553994,0.0002139969430474708
-0.0020656442414421173,0.000996247207068902
0.005725015111810249,-0.0025045268124207327
0.005636098875728372,0.002792992405552197
0.002055167007461945,0.004100709390172261
-0.0047834774090612575,0.004708557271243946
0.0003989114633249579,-0.0004470813548458058
-0.008157767749407019,0.003200006181190822
-0.0019421252396008989,-0.00094948280783875
-0.008588804344439656,0.002416211178215323
-0.0009550484118562592,0.004323159262439931
-0.004956742501772183,-0.011460322256425464
-0.005447051037350121,0.0013032210820465436
-0.001391591055610689,-0.012155355276125414
0.0029938682993379128,0.0006047570224750865
-0.0029347226325733018,0.01166711472714095
-0.005422820763899867,-0.0050615125472071145
-0.0033947008517206307,0.004117349966125877
-0.0028215751007008784,0.0012736303296958461
0.014428505688474084,0.006268774345286114
-0.017888450917289727,0.0008289589314832325
0.003833993384335896,0.0044040197807629815
0.015172028604802637,0.0015187517429181775
0.008758308475910272,-0.0008850201155692234
0.012464184052280659,-0.016861934432931942
0.003445537834295072,-0.0019786963312758343
0.0010162284232885523,0.005186846395174799
0.004634692752564468,0.008232108649664636
0.002325101494630172,-0.003281211517511165
-0.0029557565907136034,0.0030050338356002533
0.0008806626841772867,0.004874030826472386
-0.003297720055626588,0.006361652371502624
0.001992028583441489,-0.0025929143709967034
0.006402071678674068,0.003733781992412006
-0.0055031965896383105,-0.0013455390466196534
0.005130121259046954,0.0050762032014447355
-0.0038562188533572735,-0.0014411972312528259
0.0007889803050976536,0.003273780804349855
-0.0037465750366107928,0.007682682677610466
-0.0026706582702504056,0.0016670862304736516
-0.0001937609476412791,-0.010692103798205578
0.0014677851357706015,0.004798668077081445
0.004552450935519696,-0.0017939112367590512
0.0014575044128626454,0.0047743613986090715
-0.001625994795625022,0.005186267551971178
0.0021573517564836327,-0.003065346064672203
0.0006435312225783335,-0.008091865285141742
0.002743592021378893,0.0021916785150024377
-0.002332507798289543,-0.004240478791968053
-0.009083160321012671,-0.009500538111766776
0.005196881377843113,0.0032634165138780047
0.0031712121605750178,0.001875593663696901
-0.0054069698945131035,-0.008510308544491923
0.0067774000860583656,-0.0039679204744225705
0.013490616517105938,0.0002948685556407774
-0.002653410926597141,0.010462048637654523
-0.0015098260887645284,-0.0007154990857349624
-0.0005823158960999508,-0.0025345308132344122
0.0003949283778008191,0.001439049642483748
0.004243069244263107,0.006485164210020709
0.0018446427615120406,0.002392640598836123
-0.007829243610943322,0.0029215930487483197
-5.024590557255876e-05,-0.0032028581546496506
-0.0043401918259833895,-0.0015009010588623774
0.006865928091824445,-0.00016239608454743246
-0.007780338452813972,-0.0038920822617498135
-0.004471469176928933,-0.009912527789424754
0.0009350704815307492,0.01052471631470687
0.003087414045090036,0.0012515719598218881
-0.0017153963217032965,-0.005320328387590475
-0.006465166346574512,0.0008982739381267393
0.007561035262097357,0.0016032625568366
-0.0059058249601278215,0.007484482158331672
-0.002927876177068108,-0.008629693851165235
-0.008371584461595362,0.003024608785424837
0.0009587272496654108,-0.002507053304774968
0.0021696836682874327,-0.003834392622310593
0.0028595787762313767,0.010137206861374329
-0.0018329767023758038,0.0020961543205530206
0.0004930148192941468,0.00016340167184993338
-0.002815044198651067,-0.002586566010950087
-0.002116067688170829,-3.500471278099672e-05
0.0032060790392060712,-0.0017825054649327184
-0.00032536399345277014,0.007018101457953009
0.006584007717959071,-0.0039136092348209155
-0.0021422810120427967,0.005757918219019658
0.0030539989267600845,0.00196970604035375
0.003789712932854293,-0.007285985054611152
-0.0075975892915687545,-4.7837256225786685e-05
0.003362275353405113,-0.002704217287181549
0.000902537403128463,-0.02373576163446716
0.0025243842309771213,0.007394596874308028
-0.007846882563218338,0.002724189592733733
-0.0020046582839906,-0.005172346590596893
-0.014638322583380388,-0.0049580218925801035
-0.004610845102665586,-0.0025190735887469797
-0.013853486214533363,-0.015528131557605972
0.014090382884518209,0.0036235786214499814
0.0033620882017883326,0.014381380414426263
0.004215344142836773,0.008575310276645261
0.005465131083449105,0.003058352526627457
-0.009467996478341859,-0.004187950600892395
-0.00792537292718557,0.007272301786172696
-0.009170175838953229,-0.0013518308764085929
-0.01324290791302058,-0.006227552036318111
6.897566179547843e-05,-0.004191838249651801
-0.011106599691410476,0.001176576552902599
-0.0009967990600946233,-0.007480552849762439
0.002823444589843655,-0.011761561708707602
-0.004580712323396675,-0.010165727885076624
0.010567033761026641,0.0063454818210594115
0.011991736764633736,0.003721428184419489
-0.0022629505255006284,0.002934351937540735
-0.003018467875730513,0.0035677123049505546
-0.009612472269890248,-0.005728345509960051
-0.0029197408365840122,-0.0002841130242365737
-0.0037093677628454173,0.001362737743539598
0.010591736522412316,-0.01201122534881144
-0.00037427924977827184,0.013425255678659
0.007061600974260398,0.0107735753254248
-0.011918114028964677,-0.0031265295005528547
0.0030255267078849284,0.0024370018077077248
-0.0034472367830541105,-0.004732043712487901
-0.005043346044475368,0.0017747140964199774
0.0009457405771867547,0.003387684398140137
-0.005918606635031976,-0.003775688354313658
-0.015195113737990571,0.0024005654390368125
-0.014021449753747741,-0.018880390385838944
0.0034304570172444693,-0.015338380924904228
0.0015105490226159574,-0.03693702256500124
0.010167999870138193,-0.0010844410037497802
0.01937070687627997,0.019908667391112304
0.03111986381793917,0.022347121469510667
0.017295561784119087,0.01283597554753593
0.0036303395404617264,-0.0014873930147613554
-0.005834105686552165,-0.022656375083287543
0.007288649903810371,0.011359360085322602
0.0013828780787285642,-0.0016801115355354625
-0.008472228294809895,-0.005795145483156586
0.0012234480601510393,0.01597237131134087
0.007693014979517209,-0.007735099149910881
-0.005218002253755428,0.0042623168616086025
0.005596580775166986,0.0015457629863049832
0.0035995600748318962,-0.0027168015172621147
0.0021187365500281614,0.008325960080011355
0.0159452888278449,0.009891815826797464
-0.004330864303291133,0.003724260098184357
0.023427165886625988,-0.012599976989987716
-0.0019229029678795523,-0.0002708260577642106
0.0030556908894035124,-0.013679155493076928
-0.010264263616162079,-0.005040592410446561
-0.0027787811479072213,0.0006934313307193095
-0.0015096362737217974,-0.010760916027023537
-0.017165252890895075,-0.0261661304443258
-0.013691650855098872,-0.007279072487326978
0.020916383817248287,0.015348750912789274
0.009218632865189641,-0.003987365840138133
0.025402419908945026,0.013143945979971709
0.0263812204189235,0.01927773444694894
-0.0034798941721256305,0.0005338456435682629
0.0064180578694699505,0.012415636215735014
-0.01365405185252132,0.012446690048903216
0.009467566356410748,0.0019607370785220926
0.01023094440379595,-0.001806331738597364
0.001488354945183054,-0.009775179306830422
-0.0035588522727205826,-0.002834227789996338
-0.0016525751541941573,0.0159045718757823
0.0063593487509062616,-0.0037778999933972
0.009801131579673354,-0.003041476148796885
-0.012867041931637678,0.011739489681699314
-0.000410877299362851,-0.01307903501516801
0.0018050253760957405,0.006745201809994625
4.224250235884773e-05,0.005278168447610082
-0.002997406373316561,-0.004345979391179881
-0.011335912944229304,-0.012363642354276942
0.011749727699762187,0.01995459660055028
0.0008979982890238141,-0.007118613472299157
-0.0006294908886394138,-0.002273429800331173
0.012057563098272123,0.01666050393732665
0.01946933971627447,0.0006287133157957543
-0.004577670200498783,-0.0009063068176503245
0.0005432534679480922,-0.0058957867406183705
-0.011656573134505984,0.0039957342436882145
-0.0014008742715720572,-0.0100645516593877
-0.0013582186917913278,-0.0005304764120306594
0.005283969377723404,-0.004188593921590561
0.0027868306142639267,-0.016438637789273028
0.004208395303686004,-0.007261028017883302
-0.001445835958778684,0.0027698689934495427
-0.006806755707288525,-0.005814567612256721
0.002572819795176113,0.011198617091706373
-0.002795409583040584,-0.002848762234050438
-0.0005829106562565234,0.0009133306135522553
0.012756507740650756,0.0022135018957519293
0.041067262801722605,0.0075976033710482985
-0.0004180639254807491,0.004739927653848061
0.0013867327403234227,0.003809785930027875
-0.004004770617318029,-0.0022074195249223933
0.030832015727460717,0.0035987502809064326
-0.001817596051652448,-0.006902935476993859
0.0071136862919800965,-0.013702833601588872
-0.012095208078075024,0.00860678168788582
-0.013882326853808264,-0.016038465101906704
-0.004197281737563714,-0.004479135158320655
0.009648181134282651,-0.009731119718161136
0.002730726155090839,0.00039648520699411214
-0.01753691893304954,-0.01808389206274317
-0.01388618937447447,-0.008424942194560544
0.009155801439155174,0.01038940255867753
0.01216728340211902,0.01636328213802876
-0.003420222667396524,-0.007812953902764704
0.002548551356539006,-0.00616353080672151
0.0006701229507899803,0.00764830383989443
0.015359403520558063,0.006435866220651122
0.017169012149020838,0.009707751751691756
0.002324514725622789,0.0019333949920669969
0.0016254136363869685,-0.009060538567880349
0.004075015742267544,0.008141710205164632
0.0028796655918082075,-0.010101795990582129
0.013160338178786255,-0.0030773646768130145
-0.0003074393950170222,-0.014484957470676752
0.009159737350933554,0.0017700089338240305
0.010345536653996935,-0.01550255543142207
-8.051325076453841e-05,-0.029061436348899194
-0.006896679612781932,-0.012941377317918506
-0.00762708910053465,-0.018450671630288733
0.0009758667481023662,-0.008696938225599008
-0.03095119616105093,-0.02827272522995072
0.02534006611024173,0.01014476099610501
-0.02094087142140848,-0.020110215105237958
-0.027786565098256808,-0.016735079321759425
0.014661160902370013,-0.00264280557361033
0.02635857765891022,0.00941613757123382
0.026711593993812087,0.022633529443667297
-0.009831043250409005,-0.014275635821489203
0.006632368931961875,0.019608693252750737
0.004883555331463046,-0.008389187491088567
0.003473012358014507,0.0027878692020150394
-0.0013815068553586461,0.024831350103651
0.009405266017513382,-0.0010737474457484118
0.0035683965320518524,-0.01951912393847573
-0.00903851541707033,0.012126661258055029
0.0022593651540228354,0.008590266896946069
-0.01700220724641326,-0.015245844129220438
-0.01343545441600847,-0.0213276664208554
0.010559734554740859,-0.015055576553225604
0.010326126221242442,-0.001856936642930932
-0.001993696944881289,-0.01417802494152278
0.0056179291797671844,0.01941384288481347
0.018952942275701275,0.022531937288009254
0.017085987610127983,0.019083096946690168
-0.00550413908382349,-0.004830309311271213
0.0034546804915155755,0.0002439892122503295
0.006399252307187492,0.015410674536914753
-0.010839171541836529,-0.013449162302007257
0.005191183989900974,0.006252267045627745
-0.005957385626128177,0.006605276720384696
0.005785745825915948,0.005179780802839436
0.004232063280379509,-0.0008510202569811001
-0.00526662706255597,0.017114581458603347
0.0002642211157030082,0.010729452623815614
-0.003241486191217589,0.0074578229973686575
0.0063331517898421825,0.007613320153533245
-0.003445489961257504,0.014165660039110226
0.034129567489150504,-0.02280192744983201
0.0019525856309439505,0.007020415862772216
0.0064936163787437575,-0.008263211404760492
-0.0066755157333216715,0.018030840419616515
0.007217837855683772,-0.0017433440007475671
0.005306906285057339,-0.01158379380727195
-0.011737558953818651,0.013055189555795259
-0.00877361113798563,0.016801890791223628
0.010451522003024788,0.0056203437048721
0.002404296884094087,0.0010150218523983835
0.0011738091456514016,-0.0018727401862397165
-0.008288187498449912,-0.02287193000665705
-0.0015577819868350714,0.003512118751013117
-0.0016072320616680813,-0.002411984567538778
0.0007000621869540613,0.016144978178213372
0.0052255977375808465,0.0022427149215094415
0.00037465009853869963,0.0014732271347425768
0.0005574117453371687,0.0032062303838935077
-0.002449425599399883,-0.006787430105966064
0.0017663301258759247,-0.011765025766531536
-0.008742509032258403,0.009941185610653564
-0.002656295028747936,-0.0081202826830981
0.016869786786596806,0.006233936417954998
0.005885810916393764,-0.0007929947854438473
0.00530958323573706,0.0066664892387963024
0.00649171607514256,0.01236172483924057
0.0054543354865882535,-0.0021402685178474198
-0.002712937945752317,-0.0002596519478500045
-0.0060936418881152345,0.00654062553543276
-0.009744842731192816,0.007298535582235731
-0.0018309375971530602,0.004562949332735014
-0.004580044340170751,0.0017537052318377688
-0.0003039916950903654,0.006250970415674584
0.013475014388396774,-0.0076179432438779815
-0.009391311283125876,0.007820608594254942
-0.0056632211212377616,0.0028656771474023296
0.007354600806170041,-0.005454445258443334
-0.0074533337473948035,-0.0034262434387628393
0.008101784665344863,-0.0012988737031672305
0.006863158087714379,-0.015256336618258209
-0.006192159586807411,-0.004789407806486128
-0.005207121175652229,-0.0020879831860647073
-9.853589113956824e-05,0.0016411966947844725
0.009158512308865857,-0.006076073272656514
0.004688808269923746,0.008893889995725041
-0.0057086617067723215,-0.00326275260747146
-0.020790350790003014,-0.005760771129466766
0.0007538905760972152,-0.0052769229724595685
0.005735407772410718,0.008008837302255609
0.0060453492036653435,-0.007821102685605551
0.002197734511526225,-0.0024621638129523962
-0.0034574099665753517,-0.00535372928789917
0.007501475033200639,0.010610521672459123
-0.0027752634969968265,0.002237258552245637
-0.002982145603851155,0.011276040075398822
0.0004215370937513275,0.006711063380419299
0.0003004958792541541,-0.0010977092118464227
-0.0012983707565441616,0.006413103124074196
-0.013608390192184572,0.003879670479821488
-0.0018275759633398227,0.006112774945569889
-0.006818907377438296,0.006573798489806828
0.019975194395882315,-0.005710205615609522
-0.002857645658385543,0.012116436486833979
0.00873939473091291,0.002299595354266241
0.0010542306671034564,0.00626976773845239
0.0037600876760356967,-0.00489782419161038
0.011992565132220884,-0.01799749326149063
-0.000432577244888337,-0.010481868871748672
-0.004552087551705711,-0.0029702504935260853
-0.0018705476668428398,0.0023482534516722853
-0.0029743392086913154,-0.001529800567087762
-0.005344140189231391,0.0012883940792875715
0.005904216288667735,0.008472221560672517
-0.0052701183216570325,-0.0030100245737754265
0.0011174834261110113,-0.0031231877025295835
0.00921277435769785,0.013319020183556431
-0.021663642904563168,-0.02819863653653297
-0.003003017288416041,-0.024793911199006275
0.008003525560748216,0.02024013650742681
0.008124652534774892,0.017175476028797296
0.0003092002327352556,0.010475320492867691
0.0026125207487459282,0.0075277090145937624
-0.026303968714984097,-0.009555830742390636
-0.003491327051859192,0.005597944436815778
0.011133441930139513,0.0002704943971046643
0.006548140719600172,0.017137609356751213
0.005130291792293265,0.005201625636309787
0.01824247045617454,0.009621733924219816
-0.0003982657801746741,-0.003026635504669175
-0.003357270943594569,0.0009510036559298987
-0.0005399559836403453,0.0058065622509828685
0.0006939440889085445,0.0026725793892161823
0.005219835905687325,-0.004231583307021353
-0.0010074204934684466,0.004392973465472136
0.005754431784488049,-0.0016975376528651385
-0.0018966365114297945,0.008689738165319765
-0.0022794061982633986,-0.0030328869808791807
0.005464674677944977,0.006155821586416503
0.0018401327702310946,0.0016296920519401831
0.0024001074495755143,-0.0005547326843062696
0.005194895432153646,0.0028498581806942827
-0.01430627357931514,-0.002811413584550198
0.005246100304162492,-0.010940801438151656
0.002866244758634631,0.009999675270055743
-0.002503202925913973,0.0015325129997473851
0.003596133489778648,0.004152101196625674
0.004369738739105765,-0.0011371501376079471
0.002393451268800265,-0.00217836564102663
0.0022869828629568595,-0.006890317807742422
-0.0007086001801850754,0.004822783577391374
-0.0014239998846769953,0.002388841388827181
-0.0017918928920003137,0.005976577892925003
-0.0010680231523632646,-0.0072621953423811425
0.0008937376122844057,-0.001359688615734365
-0.005624006308536494,0.0068770549185132425
-0.0002666519497056879,-0.0007567681360876763
0.003840419066879117,-0.0006674275645494119
0.002700599306041023,0.006241149392500664
-0.002136435738024271,-0.00840569478447242
0.0006821121798531579,-1.8200245135913973e-07
-0.0008890500232548304,0.0012193865116078147
0.0034861890098201124,0.00410504738768309
-0.00562198964537755,0.0005305067777293731
-0.0057982072849840395,-0.004447462444700554
0.0022574851267091155,-0.0005818081924696807
0.00042387476656450575,0.009809123027820985
0.0047142618920676576,0.0045755372347378795
-0.0015340654871525026,0.00501345300748993
0.008617315755361244,0.0038212951458329375
-0.0002773986252535832,-0.024698664185013496
-0.001726832621567448,0.008470318420039561
-0.002606354225342861,-0.01793427317579394
-0.0044341581778412536,-0.001588699326935299
-0.0030630885329220505,0.008310762009274364
0.002904611546898694,0.002639046326330169
-0.0015365605970164616,0.004277593050616292
-0.004569742401734218,-0.0004667262351940926
0.005957764485948985,0.012184701827775916
0.00494718824052152,0.006360662942110813
-0.0041120186652289226,-0.003931585390651984
0.0031933998752796014,-0.007193863216256509
-0.00355070995460122,0.0021222387390119647
0.012061585794489021,0.006329498373040557
0.008397319902446666,-0.00939706628612115
-0.0008302400307770558,0.009219531809943685
-0.004191525545196062,-0.003618671151240393
0.002287328485964188,-0.0071259167614669185
-0.006946008846052303,0.007664435142315263
-0.0034710159041009053,-0.003593528345161161
0.005177006195006531,-0.005073101974223648
-0.004817683365280453,0.00992663820809914
-0.0038883894820573757,-0.01457588979868005
0.0029361675920755656,-0.003782767217903858
0.007997056692807838,-0.008688165421842396
-0.006981444874745786,-0.0011733795259415653
-0.0010557407589550675,-0.0034473208870073077
0.0034511229327668018,0.006816856801312208
0.0016193635308738815,0.004925398790944945
-0.0002351422502922333,-0.0006383411348315936
-0.000476874670850205,-0.0008841586662746711
-0.002834676022762663,0.0027442888109056826
-0.008514568140260505,-0.005852106496744828
-0.0025848463471804216,-0.006861142265825155
0.0005758746609131234,-0.005797881343548099
-0.008939539077178447,-0.00785741740196523
-0.007077281184238895,0.0004762281853338943
0.0014312980056465675,-0.007887895539509441
-0.0042435337217829605,-0.008850292519769268
-0.010878154660178996,-0.006864615013829344
0.007627395169204681,-0.00014529268970439382
0.008214863178940778,0.018080708987405696
0.0009777767655400722,0.0021572458570802734
0.013575551562267116,0.018331308679379182
0.010225232038240295,0.006672291826895296
-0.007676270009338891,0.01392955359883645
-0.0139550060759744,0.008958636795144172
0.023730867248795976,0.002340523853294447
0.007126772914896489,0.00042881114602197947
0.0009080304451768444,0.002963379421745051
-0.003655963525930116,0.003673567486004015
0.010068726563949302,0.005726545716723893
0.00427759293135999,0.002493894948510905
-0.01235191032258027,0.006259493067835028
0.004447173166007359,0.004029874863858789
0.015053578065023571,-0.013343310441038909
0.006178265094867304,-0.004442800164096897
-0.010961966065845966,-0.0028549312917644136
-0.0007744455939460559,-0.004724157565416011
0.008216700917127043,-0.00044611147702178526
-0.0018626918515771368,0.015113686801512656
0.0031991411558378625,0.00831444614038677
-0.002881388354434773,0.006758664230361032
-0.01118738113701824,0.007838886746477057
0.004037678784856979,0.003408166734839878
-0.005712968521627505,-0.006287749272974135
0.0020450924152772628,0.0002542076506324202
-0.0009446755049154503,-0.012568931137523786
0.0011961287060400845,0.004520688423012515
-0.0009242811025477787,-0.00037131223605061547
0.00045542578944845244,0.00406400395857639
-0.005942840540360279,0.007648723635754728
0.004278334648109685,-0.001962267138093168
-0.0005929923999030001,-0.005194475735483346
0.0004750467328703753,0.005957300823826889
0.002696787196609927,0.003827078117472408
-0.0003957806217918247,-0.008919255621345167
0.008135760531372091,0.0007772981550743128
-0.002822183207698005,-0.0008292436099977058
0.007380922978612691,0.009357879457445288
0.012510306656760816,0.014700956476731069
-0.003954553311294586,-0.0018715641000989515
-0.0003638204869829901,5.081315555180308e-05
0.0027748062413896096,-0.006277292272208101
0.007668515267093209,0.006617990719573089
0.002831646537217534,0.002651957449088671
-0.0025388479321366,-0.004259021707358135
-6.480537689271607e-05,0.006477833760828057
-0.016939803190127625,-0.004568824801247971
0.001582445501687156,-0.00048725711894305636
-0.011210513602617544,-0.005110531081987355
-0.0032624531236761073,0.0042903823083997065
-0.006101131033663146,-0.0012257972979764571
-0.0019498484628990358,0.0074711372013932815
0.006948080813174171,0.006179614833017426
-0.0006599606748808553,-0.0012267696787490099
0.0006366678957427282,0.0002759032372503983
-0.0041455960671947355,-0.010597575808067326
0.012506799176414578,0.004071352165811541
-0.006263606548597311,0.002669749745957801
0.010194569554985084,-0.00015007080112812473
-0.0023896293341257435,0.008739563074452431
-0.001714049587719553,-0.0017313277464396444
0.0013006306987052136,-0.0016558967183350768
0.002044175215357538,-0.0008010286093751303
0.0077707215916180345,0.007958415148529976
0.0041840328516845006,0.00600871859821584
0.0003768002668864453,0.001754991495006319
-0.002241853419527216,0.0043039029283343895
0.0004170311966904686,0.004889922598315605
0.0046444197099970025,-0.0018631187966160925
-0.004737681481422256,0.0005814046648725857
-0.004354752983526314,0.002265006299638189
-0.0009790649137187046,-0.002566272460749325
0.00357441274250214,-0.0014106991007394715
-0.0018671739445631206,-0.0012306586520417653
0.000314905584764295,0.006967696069333311
-0.001107916136206706,-0.00888311084100847
0.0017019483199043773,0.012970783030714495
-0.010089346112607034,-0.010108030405578351
-0.00313138639716752,0.0008270685975663897
-0.0015479103415200887,-0.005750258492661582
-0.0018382156363270649,-0.007664247830875596
-0.0031414190018051445,-0.004234216256718791
-0.0004136653670257295,-0.002857919507221025
0.000847543304958182,0.0044897173509921215
-0.0014949318516545608,0.00761851300187383
0.0006579837162440545,-0.007176932475205245
0.005472254200584635,0.01223086695895262
0.0006554014881134798,0.0019068419461798012
0.00014323887929030936,-0.0009785466597931627
-0.003304072727941977,-0.0029451836162886747
-0.002701012702296265,-0.020475272678595075
-0.003188498123439184,-0.0013576215867668036
0.001803533767991828,0.005120389380219128
0.0007955928033636405,0.001966220469493854
-0.0003677328367720302,0.0017236705248237776
0.008995379286650677,0.007677653135380238
0.0065470523870227145,0.00483993505318976
0.004194423352483356,0.0009742779112628867
-0.00026082365145023445,0.003036319281574441
-0.0010589974549068458,-0.005963076030184557
-0.003060278683142706,-0.0006290712037119644
-0.004725849477116033,-0.006342017910056806
-0.001218203851888769,0.009009945662338665
-0.0041276624543396265,-0.001518377682038385
-0.006056713165209065,0.003238167038559541
-0.006879418645055058,0.0017664400538878972
0.0016354443519617833,-0.007077909481432227
0.0062338430049394674,-0.007668688229087036
0.008783667564903909,0.006104652019437367
-0.003365036899991044,-0.0035739892240589845
-0.00031362604168305963,1.0126384567023457e-05
0.003578745222057949,0.005532720264441665
-0.00013990445175718436,-0.003205160346598285
-0.008929925648480353,0.00930561106362811
0.008136388806224283,0.006738924741555451
-0.0050796942430294785,0.0044594104325910745
-0.005333079799854107,-0.0011827584007048975
0.00404890989776554,-0.006032661624291394
-0.01049779410865755,0.002969219442680393
-0.002306762448996896,-0.002532332171548517
0.0004418574013781741,-0.006451732638145933
-0.011145971915831276,-0.0015767888294340375
0.00708423012632022,0.0053940697135465565
0.0009149082297251252,-0.002252813077435393
-0.0071962892121977375,0.001870409456641261
0.006757845496931604,0.002603072547956592
-0.0019339785424215094,-0.0036871173861218382
-0.0072364661787690035,-0.005026628379416485
-0.0002931726371228991,0.006161432209803538
-0.005180909683153427,-0.0017428568374110475
0.0025418977135581128,-0.019643231806444547
-0.003023511589708407,-0.0006197943240092265
-0.0012229822774736162,0.009526870090320244
-0.00368211526717013,0.00500928508780229
-0.0016276024274570467,0.0018376526812324328
-0.0019072130455104,0.0005686458074245431
0.0014955911556147027,-0.0007176888942365102
0.00033993780246452284,0.0018797569950457695
-0.012334842499671324,-0.005712956892888143
-0.0019810320550229963,-0.0017190303220703405
0.0102362553830791,0.010217014368839891
-0.0017688659786655719,0.0067034762257827726
0.0018971595199919434,-0.00235152362026089
0.007216181923469319,-0.0019316772264666546
-0.010378203628073636,-0.00017287948156074776
0.0054821483843727715,0.00794734027776732
0.012475375212553187,-0.00013415767211286697
0.006079746364315282,-0.0002701738656530436
0.004378781313858473,0.0038600533605914187
-0.00430588691462535,-0.0027685830943303532
-0.0056852199082011645,-0.0027386735649857145
0.008977089980563624,-0.002306398073360096
0.0013611515097889815,0.006280605211981503
0.0017912846670649196,-0.006520467129507255
-0.004547023252713546,-0.003912208572484203
0.003419124135218875,0.0034909454864077896
0.007439866449384512,0.004393343303767067
0.004496834048903149,0.0011042212135877099
0.01655530101634807,-0.005643870372612553
-0.0016186903381293016,0.011247260473587116
0.0065891975985772535,-0.004264013724353647
0.00010654889418438654,0.001176057330847005
-0.007348753460523363,0.0070589869244996346
-0.006434358103377257,-0.0036386444646678367
0.0019085426641378602,-0.008632577526527916
0.00092693073514666,0.008702039320320938
-0.0020434849888333584,-0.0012106308100456515
0.0014472383604665112,-0.00023069681151921735
1.2508184197913486e-05,0.009601817217969173
0.0027249550633903323,0.0040208248207150715
-0.004232459484890308,0.004310722784632393
-0.0019676743938639627,0.0029682948958534693
-0.0003399569572768384,-0.002364654995295645
-0.007444259706817438,0.008081946723036791
-0.003139237918181193,-0.0011775699886358573
0.004566370894166736,-0.002480406588888825
-0.0008736210183498018,0.0007029662585067246
-0.0005957286428430237,0.002612302723294413
-0.0055250763428246535,-0.00028024319899953523
-0.002593858034606682,-0.005840302001400224
0.0018483261896033913,-0.0009240126175241363
-0.0022210749360538217,-0.0026158859938845546
-0.00023349165406928154,-0.0008205433618312957
-0.002309757898555866,-0.006010521850345555
8.970400846347853e-05,-0.004729769197515389
0.004756589076509616,0.0009794487315371767
-0.0056128505495224405,-0.0009891824542620912
-0.004973239494261674,-0.00028587575347308633
-0.0056381555018302654,-0.006120741765375101
-0.0062424231924413905,-0.0209472727805672
0.004580843351214883,0.003750008609946857
-0.000428147734551413,0.009516358820762884
-0.0052413886644857785,-0.008361265055242095
-0.0024679426881961744,0.0032057726310726364
-0.0006069387339321646,-0.012045752529243827
-0.002572641515450555,0.0014275534257883714
-0.004280173611719798,0.0005051901178860506
0.002447491323899251,0.008463192195994016
0.0014162029046156804,-0.0016380170434727606
0.0008473281155835173,0.0017439535973551325
0.0047093064539336545,0.0017253646922250775
-0.009612053566996705,0.003230380910753473
6.55296756632293e-05,0.0014052111505797305
0.0021990459194981982,0.0058164785029151895
-0.0005277622328770078,0.0065789165726225975
0.002745704230039765,0.005405593866154401
-0.005176764944939322,-0.007194712328118184
0.001029052808361825,0.003641177675598985
-0.0071672749661075355,0.003523513027432114
0.00896673546381503,-0.002310554360898566
0.011892373898548787,0.008225805779826494
0.005815568494924941,0.0045974738519883145
0.0006385792784018105,0.002470852187161661
-0.0068153844806814355,0.0017744485759589462
0.005529807055279037,0.002276785203788707
-0.002923791236075736,0.00754535791957866
0.004934251799167791,-0.002112461611387382
0.000813529195778576,0.0022771398226174486
-0.003299697064049525,0.0013399787116917061
0.0018909492531671915,0.0035863100468308006
-0.004931658426678122,0.0017967574915681793
-0.0027971446105082053,0.002304991198997402
-0.0012906698858427426,0.012420484505243124
0.0015138257654810179,0.0012893998497155474
-0.001557396019095989,0.0033801330282639108
-0.0029288180154317354,0.007951852098959059
0.010705117220242595,0.0016374579716579784
0.0013825001192392904,-0.002689768870901805
3.602598134873694e-05,0.006071301927177831
0.003796017393562992,-0.003162017968464554
0.0026655006676060424,-0.0027720936844925267
0.002520235058471611,0.005568118192559797
-0.0005721103370857707,0.001052147288564972
-0.004654351100025007,-0.001662304633062203
0.003504288160571809,-0.002111060672092375
0.0024592030988728826,-0.0016534965424862998
-0.003698452979963532,-0.003668893633800555
-0.0016523590782471602,-0.00013766499832450137
0.0005848613631584437,-0.001052784171071523
-0.002530825881288932,0.003605558467907693
-0.004600606731730107,-0.005883550406636261
-0.0043277906013380095,-0.000892520193837677
-0.002714212796858845,-0.00781270327382487
-0.0010437206364536707,-0.0020344205790505
0.007026822190666153,0.004412473960627761
0.012926574357457176,-0.00804953955489489
0.0019398263747528964,0.005383461635769245
0.012681130373803437,-0.0037040865772129546
-0.007453804184570905,0.0019191931207067703
0.009520266963658016,0.00046364101145031415
-0.004989650881755924,0.007261999158971677
-0.002503113714049739,-0.009875397636653129
0.003332743355859999,-0.0003735151574595665
0.002687754244366633,-0.00013025984105452109
0.003361762951391292,0.00309082030333158
-9.23777983459417e-05,-0.0014651559526853482
0.0068999431743587926,-0.0025783003556126877
0.006475284946262733,-0.004402063285425856
0.009017025538735032,0.012504155899429851
0.0019173105484698594,0.0035947158038565283
-0.004988516188280494,0.007350184852723331
-0.005674296827519129,0.0058766591190565955
0.0031980287239943327,0.0025301182980116558
-0.0005567387100231766,0.003324432926797189
-0.008460577526098434,-0.003430157198125352
-0.003333860172080816,0.007445940347244114
-0.0007070740973266952,0.0012665534608266068
0.006370006273546905,0.0008495596920768971
0.003576910334449901,-0.002000804423728385
-0.013437566884203304,0.0025498178120639445
0.0017452475097087935,-0.005638281383383959
0.004861327990358945,-0.004981389795684215
-0.004886149334188737,0.003572869910095706
-0.0019766883351825587,0.0011238928101864412
0.001439406151363083,0.00024352206597611637
-0.0037411022986904453,-0.0033585310575189394
0.0049511162946149385,0.002541571117671189
-0.003076746728462544,-0.0043475466661203385
0.006476874409622473,0.006820693964850021
-0.0017624671369408356,0.007072609456061613
-0.008020506800323275,-0.005481778483170168
0.0018455641722172605,0.0022358665749584424
0.008844205473408119,0.0030908129780519533
-0.0008441489873419281,0.0005113817061699175
-0.007739536926313498,0.0025763997563188487
0.0010458069078140048,-0.0006237616744135697
-0.001346224068663476,0.0022549379135740105
0.0023564817824597924,-0.005478539759564594
0.0012539683537140488,0.0172215286449124
-0.0008902057822885549,0.00817507141552775
-0.0009140827022219813,0.0042942775060931465
-0.003839264333711112,0.006404972212152326
0.0016534100593861053,0.0006577940856201482
-0.001004072421704293,-0.0020905864419618453
0.0035665844607803946,-0.0002243010079230089
-0.0056143765590002965,0.016898193724239997
-0.0008750680358074084,0.0024114695347501537
0.003931273563511488,-0.00953299307544518
-0.0003118720788570724,0.00763201880652318
0.0007756238071581125,-0.0036829421229785226
-0.0010665126475693284,0.007944462442719456
0.00015685270694260067,0.007070970983198748
0.0021817246892244326,0.002544017662200073
-0.0010785804669216884,-0.003519544023236961
-0.0023205226525088943,-0.0011027985149416393
-0.003965589155749764,0.007002430023141274
-0.0060371346279958675,-0.006815733043018897
0.00013456210194047992,-0.009892280087598735
-0.0014550312531241786,-0.0011239714412017894
-0.004298857968251075,0.0036293328502706424
-0.004187204049129343,-0.020496706360847626
-0.0017226995825662395,-0.03110142110173045
0.007653277794276964,0.009903332860596916
-0.0014845148548957702,0.0015982308238082575
-0.005913414218336335,-0.025095422216763644
-0.0030109482008545555,0.0007563925689237213
0.0141036042236535,0.012201196683473662
-0.002734644699940441,0.005228077251181846
0.015204573738560653,0.017153330965388052
0.0018843333153287008,0.009241937695175213
0.0030436339074320987,0.002157599283137423
0.002391015870305902,-0.0072786261596945534
-0.003133943305825532,0.0033549639203507065
0.002146426281041334,-1.0042913356585262e-05
0.00015506104425937542,0.010246631271394555
-0.001838904159492952,0.005430404488464154
-0.002081380194829393,-0.011959630451312805
0.011080365411192741,-0.0121562015129048
0.005933125852838886,-0.006600649716003292
-0.002550587415628332,0.011273648255861616
-2.064467176425729e-05,0.008181287374082382
-0.001750217775525965,0.005610563082012113
-0.0023920864624889693,0.005219657992316354
0.003884123033379943,0.0034015284520083865
0.0006311922585141258,0.012335655311434794
-0.00023562880646468658,0.001883979713684053
0.0042582611027191354,-0.003630831229032087
-0.0021872020351233513,-0.004547575167414975
-0.00977875403464968,-0.0014994411085379167
-0.0063994471110258395,0.005485557243920199
0.0012875794335542275,-0.008393879735202218
0.0026929187042289576,-0.004031417801547942
0.0021123172363346826,0.005038681189772557
-0.005549661530579031,-0.016940274673218556
-0.0013817163972004859,-0.016363057066914016
-0.003097423028917532,0.017332687672418898
-0.006586335051760584,-0.015216549986118903
0.0007052130480819426,-0.0035338756977062367
0.006052510529124369,0.009457110297187602
-0.013232579704287208,-0.017412373238186694
-0.005029598558684472,0.0056738445942398855
0.014715316011956732,0.009249345918359464
0.00021781503420991065,0.004817699189404571
-0.009878228254792969,-0.011513729686312184
0.00402138228971724,-0.0014827511009064972
0.013013753586068823,0.0145390208750759
0.008156373229430202,0.0012015543494116126
0.005719160288330026,0.0026320758890666885
-0.0007100550535617318,0.0005329679791093849
-0.0008530876759946695,0.007382506794914828
0.004400988172086897,0.0072947998725083375
-0.0059316086174040356,0.0022050007264589905
0.006709567397054402,-0.005309395805431653
0.0028371359696602733,-0.004502436122239697
0.005675254956758988,-0.0039015945531195783
0.004872521968630467,-0.0067424072280257465
-0.0001131374662165115,-0.0016790564314775526
-0.0032381270364399755,0.005542554699572382
-0.0020014213604105484,-0.0007816486818803064
-0.002609247082090091,-0.008726474933873869
0.0015891852501642894,0.0021059849963722976
0.005558237648707558,0.0013186357171167202
0.008959775690673135,-0.0026137014736476857
0.0006480166640004531,0.008404189623343328
0.006150048480032139,0.0037982239181482977
-0.0017332554607865061,0.0013100635621212066
-0.0015709966563903152,0.007849531464108937
0.006755276243158597,0.0014539655994508169
0.0003575735145422552,0.0002813290116357553
0.0009148572982968168,0.0016348438954715886
-0.0011347640786478592,-0.0011388145155798901
-0.0023264583223177072,0.003340813173031049
-0.006949258300842096,0.005204873576385497
0.00255737617934542,-0.0024963626093480076
-0.003092315964033596,0.0049239052457098675
0.011233874151621016,-0.005628173155741407
-0.0020931693455369113,0.001962476674463127
0.0010754394128114446,-0.0011211912752551849
-0.0011418605911237998,-0.0016050956012402461
-0.00017911674734275278,-0.005536785313187609
-0.00013210604167361408,0.011756366876740044
0.0036730585850819155,-0.004673046020574921
-0.003979414986119907,0.007211957439397143
0.0021131444816119434,-0.0003350213874505028
0.0022427590266043494,0.004887213239830203
-0.00909960456846523,0.0049581538499876435
0.008275050744601073,-0.002454723469500312
-0.001352984341115749,0.0012024253066676425
-0.0007406402470149353,0.001699935472157882
0.00026732933902428755,0.0014192289719331859
0.0032771168680336736,-0.004321887198423314
-0.003715336599510753,0.009454391906385771
-0.0041245939843452895,-2.858234411290573e-05
-0.0037917037037109892,-0.0002934549786588768
-0.006889320056945307,-4.768673750810986e-05
0.0033164397444883954,0.006758408327075197
0.0046096181796158545,-0.009595743650146822
-0.003196591882102468,0.0033727832371857835
-0.0003597376214691077,-0.015440503969077316
0.003645260390887311,0.007186385226310985
0.012901026250884544,-0.018137458180494916
0.0014916352704705351,-0.0004163845775753252
0.002801892589980182,0.0019373010701544176
-0.0007470389025459893,0.002092635582330653
6.022451428265314e-05,0.0053071389973884785
-0.003566009119817333,0.007693194854312291
-0.0007312522318966095,0.005459420706325032
0.011006484919932431,0.005512815214724633
-0.003640144580342217,-0.0039285013386599135
0.001984623532801548,-0.007462533710179456
-0.002781837928752496,0.00407827769571014
-0.0031957461286825123,0.0016220535955784742
0.0009774542702465187,-0.006062388170829563
-0.002263099918614665,0.0019611877474643128
-0.0009977033940711767,0.0017977737588000594
0.0011585204965324266,0.0025031934798483623
-0.0043477267860147035,-0.0010456718571688014
-0.001495341253952235,0.002133052419271224
-0.004024088085911004,-0.004878024874475221
-0.008558282208845977,0.0034146714025841216
0.002569358466625737,0.00558418393460411
-0.0050664556696882026,-0.011982962907190827
-0.0027790018729741944,-0.004493989289049178
0.007366125842987862,0.006082861830285364
0.006177928060941765,-0.002941898261522825
-0.0004593882342807288,0.00475923582092915
-0.0036561883411032796,0.0028167137507332136
0.0005289689664901014,0.00028536366995477597
0.0002066895476068234,-0.0013301988570422658
0.008429056888567292,-0.0018115841437642602
0.0034744008794566307,0.0005504698689144736
-0.0005898377591550027,-0.0045110349006758175
-0.004066214609302896,-0.006648327033749637
-0.0019117855946560575,0.006519248248996956
-0.007929606831694979,-0.010622280401902115
0.003845239885834553,0.007767529075182366
-0.0005142111800713377,0.003612478478092875
0.0013096514228696972,0.004836739804985247
0.0022259515238577717,0.004600413482314142
0.007844597788020744,0.0017918104897382476
-0.004902728950629546,-0.0016462085652888287
0.0006480379689637909,0.002827720671716798
-0.0006778486441914338,0.0014468320833851856
-0.004256937235350698,0.0008310056202834693
-0.002433558843777905,0.0035432474958972016
-0.0026362019995315113,-0.0012238316221570436
0.004276901471822907,0.004150789810007335
-0.0008595959014497946,-0.0028495648607710666
0.00880922298824526,-0.0036186868842521406
0.00527187467030329,-0.00684146014180213
-0.0021634203736277686,-0.0015004043297471466
-0.004582106569881925,0.002830225976821461
0.0016038233086162015,0.004713503198543284
0.0027994767191268496,-0.0017856932549467086
0.003059380638483085,-0.00029495866955627165
0.00047690745557808377,0.0012372339514746672
-0.005064159920316772,-0.0031580642567762547
0.001881640180327623,0.0034749594493653736
0.0146883193321074,-0.0013955152434511498
0.011698947165321496,0.0077247988669616454
-0.004860053853942359,-0.0031136678501748737
0.012860483789829477,-0.003643151870721465
0.001992920132506045,0.0003324828963385785
0.001034454435626287,-0.0031702001635621328
0.003262266316908909,-0.0018254142177182371
-0.0001923870757483029,-0.0019745484874826463
-0.002388237794829361,-0.0013188456190983409
0.0018325473398827128,-0.0065885847974277295
-0.0005258423053848012,0.006670060745992686
0.00014369899847184973,-0.013089263150566927
-0.003506297741015043,-0.0070222536460457
-0.004039738551821122,-0.005824509431304516
-0.010404843846170379,-1.2339627524965307e-06
-0.002851123725629432,-0.025833273222290367
0.0046983114846931295,-0.01603307590398319
0.016796267105344362,0.0050375400903487026
-0.011152028327865686,0.0016950065697143204
0.02194950173863578,0.018629825791079045
0.0004794574702548914,-0.005467945312412677
-0.003965706276844463,-0.01188707266157357
-0.009592779906083728,-0.010301669812292457
0.0006254259653814838,-0.00695142340807817
-0.001661953237947794,-0.00904626645915853
-0.0189362005578426,-0.026469773328941192
0.012553623779646028,0.014106996300181574
-0.0006110754174662447,-0.009695608298776538
-0.014957011925562876,-0.008411795434263814
0.0057371932011629715,0.0093610639513366
0.02215100997224197,0.006853501101623448
0.028358656641746582,0.01911425175339625
0.0036111276156367,-0.0010455990615587368
0.008879883357089391,-0.0003296140485751815
-0.0016198308915793026,0.004327370518867528
0.003824712989762015,0.01437135262614421
0.0008064326595525222,0.00022822374962386992
0.008068668779909777,-0.013437231488810729
0.0072581035336380375,-0.015427810828043998
-0.007843165041164897,-0.001947182770340761
0.003043361197724337,-0.009249604324276328
0.0507353374551575,0.008929962037593329
0.00023266679923372691,0.00285237123162355
-0.0021819771515484963,-0.017075635272145184
-0.0002457164700258793,-0.01434343672451547
0.015158647139641575,0.01155762611922707
-0.004997206851316627,0.0011753010100707634
0.0036593493908670775,0.004545555877580201
-0.012634742123080423,-0.006782711697381517
-0.0004239763111939417,0.020121501783228957
0.02165005764293537,-0.002446643602967109
-0.00999570481951621,0.0024938621342255178
0.004465234081978296,0.009465377307370952
0.0008224015325684202,-0.031953239755570365
-0.006886278768819007,-0.003115933788258165
0.003689673818345975,-0.015534840362596431
-0.01615559928832493,-0.004269721369242405
-0.008390511036697787,-0.0025421531247689197
0.0020481073627450896,0.0063206337105963795
-0.012556014986111056,-0.01040779276790648
-0.007552062279963027,-0.0135737540033654
0.0016242074009364634,-0.02507980586839505
-0.004326099408133924,-0.007642113777677405
-0.010074112499200935,-0.014649821247357928
-0.026095103789339588,-0.02379289603420566
-0.01788751858447328,-0.02163557168574526
-0.003937813976790921,-0.01474497287099455
0.02274991144599324,0.03082230381146604
0.0015706360547551087,0.000493577834619133
0.01466400814026293,0.011663716224865698
0.006768124753852593,0.005743146096253293
0.05034224414830393,0.01802201338787884
0.015246094532821431,-0.01179185375178789
0.017621918816810824,0.030509175717565725
0.014748202984348096,0.016942369145473514
0.010824927679193965,0.010478993237787464
0.00021372270174369048,0.009657618695567666
0.0030867289268032786,0.0033655538544154154
-0.0051119222578624,0.0038846483481752288
-0.0056419957633679066,-0.00665906688811234
0.0003690504618276813,0.007277293798413442
-0.0014225979881724278,0.00446948870473074
-0.0008510611301699089,0.004453704159383
-0.004570147013486564,0.010387498623490149
0.0042362447230472325,-0.011538924918288226
0.009547708870012592,-0.002803795702856012
-0.002755338133934409,0.005871118430846355
0.0003843002624099607,0.010659235327605774
-0.009026213144247331,-0.0038047457306434173
0.005380469253157693,-0.0008038364800144082
0.004866355101879844,0.011322102062022362
-0.0013328809152014034,0.00974269629494425
0.0029120794429166835,0.0022220535019382035
0.008289009152788546,0.007477142680353278
0.002152926904352657,0.0029098739788533923
-0.0029953478726461825,-0.002425584963979773
0.0010755075837482562,-0.007911934186874102
-0.003929691419463671,-0.0004606673420517401
-0.0026864145918893954,0.004897575746783609
0.0011356425405292107,0.01123378246705852
5.8462006299323487e-05,0.0017855805153341754
0.002285451144743939,-0.0026182624128671377
-0.0013102720703420114,0.009945755156530912
0.0017548930888205464,0.006377389536277712
-6.695673156919234e-06,0.001217532841215703
-0.00016589667231589868,-0.0009138682488436332
0.002395215608404087,0.008799267488405477
0.009833902411902112,-0.0009676644638484844
0.0051124626510157326,-0.0020753386415775974
0.0012143983551255013,0.0005025620395390351
0.003553270901744457,-0.002876574331815644
-0.0007128547684006805,0.01007735867809878
-0.0029314464130407213,0.0020603782965318324
0.004098144773511274,-0.002190221016652191
-0.0018755786050370128,-0.015984306017532018
-0.001560050670362717,-0.003297537738912303
0.007106012575515386,-0.002993058483730661
6.946057625197705e-05,0.012870952723532263
0.004394199951031412,0.002796914128359903
-0.006888863648820285,0.003846574054230584
-0.010809807223061078,0.007894297714470104
0.001960485946074676,0.00387284677986666
0.0034612646638457825,0.013355860838090608
-0.002133058851054721,-0.0005042675581490104
-0.00916686534492052,0.001008674881390366
3.4580325070125106e-05,0.004713633681424228
0.0025141588243985827,-0.02094858431550224
0.0009728118161412584,-0.002057885858249377
0.005454727288329803,0.0056139219187746605
0.008395202321781977,-0.004457038489627657
0.009931761584891927,0.005775298302504382
-0.0008677856138897659,0.004575618244427209
0.008159091046778984,0.007257418794710577
0.0037762433665017993,-0.0004131447113292184
-0.0033368643079460802,0.0002869161559369726
-0.0035971947082088663,0.0032651108768024205
0.0015187468256701653,0.009305580103898332
0.003760895596878536,0.00021767078784181045
0.012012423306169957,-0.0116390778311823
-0.0042214117063596535,0.009632209774045115
0.001704816218107496,-0.0015676028407268896
-0.005500903048024084,0.004504449908061238
-0.004331256690145887,-0.004571654265478433
-0.006944697995208875,0.0028994245895381607
-0.010301027104302385,-0.00522815593836951
-0.0005879163786057691,-0.0012291912496256651
0.0006765626380521518,-0.001935706959538403
0.004969498560797635,0.009621574221525837
0.0010951971075690095,0.0003991857155104424
0.0006824649619736023,-0.007247458102587066
0.002981137543120889,0.005255642340279282
0.005207920732481278,0.002829339725879474
-0.002943875575463283,-0.0015696498514039202
9.372168645443124e-05,-0.007358030714161396
